PATIENT'S ID,AGE,GENDER,SEX WORKER,BLOOD TRANSFUSION,HBsAg,REFUGEE CAMP,USE OF INJECTION DRUGS,MOTHER WITH HBV,TRIBE,EDUCATION,HBV IN THE COMPOUND,CIRCUMCISION,THERAPY (YES/NO),MARITAL STATUS,THERAPEUTIC SCARIFICATION,Months in therapy,ACTUAL THERAPY,WHO stage at ART start,WHO stage actual,ALT,AST,CD4-DIAGNOSIS,CD4-START THERAPY,MORE RECENT CD4,START THERAPY,ACTUAL THERAPY
1,65.9,F ,no,no,no,yes ,no,don't know / no data,Acholi,no formal education,1-no ,no,yes,widow/widowed,no,135,3TC-TDF-(NVP/EFV/AZT/LPVr/ATVr),3,2,,,70,70,507,FTC-TDF-(NVP/EFV/LPVr),3TC-TDF-(NVP/EFV/AZT/LPVr/ATVr)
2,30.4,F ,no,no,no,yes ,no,no ,Acholi,completed primary school,2-yes ,no,yes,married/cohabiting,no,65,3TC-TDF-(NVP/EFV/AZT/LPVr/ATVr),no data,1,,,343,343,796,FTC-TDF-(NVP/EFV/LPVr),3TC-TDF-(NVP/EFV/AZT/LPVr/ATVr)
3,42.0,m,no,yes,no,no,no,no ,Acholi,qualification afther senior six,1-no ,yes,yes,married/cohabiting,yes,78,3TC-TDF-(NVP/EFV/AZT/LPVr/ATVr),4,no data,,,4,4,198,3TC-AZT-(NVP/EFV/LPVr/ATVr),3TC-TDF-(NVP/EFV/AZT/LPVr/ATVr)
4,58.3,F ,no,no,no,yes ,no,no ,Acholi,no formal education,1-no ,no,yes,widow/widowed,yes,102,3TC-TDF-(NVP/EFV/AZT/LPVr/ATVr),3,3,,,113,148,386,FTC-TDF-(NVP/EFV/LPVr),3TC-TDF-(NVP/EFV/AZT/LPVr/ATVr)
5,42.4,m,no,no,no,yes ,no,no ,Acholi,no formal education,1-no ,no,yes,married/cohabiting,yes,28,Acholi,3,2,,,377,377,578,3TC-TDF-(NVP/EFV/AZT/LPVr/ATVr),3
6,45.3,F ,no,no,no,no,no,no ,Acholi,no formal education,1-no ,no,yes,widow/widowed,no,115,3TC-TDF-(NVP/EFV/AZT/LPVr/ATVr),2,2,,,78,78,344,FTC-TDF-(NVP/EFV/LPVr),3TC-TDF-(NVP/EFV/AZT/LPVr/ATVr)
7,47.3,F ,no,no,no,no,no,no ,Acholi,completed primary school,1-no ,no,yes,married/cohabiting,no,94,3TC-TDF-(NVP/EFV/AZT/LPVr/ATVr),3,2,,,14,14,1073,FTC-TDF-(NVP/EFV/LPVr),3TC-TDF-(NVP/EFV/AZT/LPVr/ATVr)
8,46.3,F ,no,no,no,yes ,no,no ,Acholi,no formal education,1-no ,no,yes,married/cohabiting,no,80,3TC-TDF-(NVP/EFV/AZT/LPVr/ATVr),no data,1,,,265,265,571,3TC-TDF-(NVP/EFV/AZT/LPVr/ATVr),3TC-TDF-(NVP/EFV/AZT/LPVr/ATVr)
9,43.6,F ,no,no,no,no,no,no ,Acholi,completed primary school,1-no ,no,yes,divorced/separated,no,8,Acholi,no data,no data,,,645,421,761,3TC-TDF-(NVP/EFV/AZT/LPVr/ATVr),no data
10,42.7,F ,no,no,no,no,no,no ,Acholi,completed primary school,1-no ,no,yes,divorced/separated,no,80,3TC-AZT-(NVP/EFV/LPVr/ATVr),4,no data,,,55,55,496,3TC-AZT-(NVP/EFV/LPVr/ATVr),3TC-AZT-(NVP/EFV/LPVr/ATVr)
11,68.6,F ,no,no,no,yes ,no,no ,Acholi,No data,1-no ,no,yes,widow/widowed,yes,139,3TC-TDF-(NVP/EFV/AZT/LPVr/ATVr),2,no data,,,1080,1080,969,FTC-TDF-(NVP/EFV/LPVr),3TC-TDF-(NVP/EFV/AZT/LPVr/ATVr)
12,45.3,F ,no,no,no,yes ,no,don't know / no data,Acholi,no formal education,1-no ,no,yes,widow/widowed,yes,130,3TC-TDF-(NVP/EFV/AZT/LPVr/ATVr),3,no data,,,53,53,973,3TC-TDF-(NVP/EFV/AZT/LPVr/ATVr),3TC-TDF-(NVP/EFV/AZT/LPVr/ATVr)
13,48.8,F ,no,no,yes,yes ,no,no ,Acholi,no formal education,1-no ,no,yes,widow/widowed,no,50,3TC-TDF-(NVP/EFV/AZT/LPVr/ATVr),no data,no data,,,656,339,716,FTC-TDF-(NVP/EFV/LPVr),3TC-TDF-(NVP/EFV/AZT/LPVr/ATVr)
14,34.7,m,no,no,no,yes ,no,no ,Acholi,completed primary school,1-no ,yes,yes,married/cohabiting,no,26,Acholi,no data,no data,,,325,325,642,3TC-TDF-(NVP/EFV/AZT/LPVr/ATVr),no data
15,46.8,F ,no,no,yes,no,no,don't know / no data,Acholi,completed primary school,3-don't know / no data,no,yes,widow/widowed,no,74,Acholi,2,2,,,58,58,458,3TC-TDF-(NVP/EFV/AZT/LPVr/ATVr),2
16,34.3,m,no,no,no,yes ,yes,no ,Lango,qualification afther senior six,1-no ,no,yes,married/cohabiting,no,27,Other,4,no data,,,94,94,526,Other,Other
17,68.3,F ,no,no,no,yes ,no,no ,Acholi,no formal education,1-no ,no,yes,widow/widowed,yes,55,Acholi,1,no data,,,239,239,254,3TC-TDF-(NVP/EFV/AZT/LPVr/ATVr),1
18,16.4,F ,no,no,no,no,no,don't know / no data,Acholi,completed primary school,3-don't know / no data,no,yes,single,no,117,Acholi,3,1,,,709,709,648,3TC-AZT-(NVP/EFV/LPVr/ATVr),3
19,45.4,F ,no,no,no,no,no,no ,Acholi,no formal education,1-no ,no,yes,widow/widowed,no,118,3TC-TDF-(NVP/EFV/AZT/LPVr/ATVr),3,1,,,261,261,674,FTC-TDF-(NVP/EFV/LPVr),3TC-TDF-(NVP/EFV/AZT/LPVr/ATVr)
20,41.8,F ,no,no,no,yes ,no,don't know / no data,Acholi,No data,3-don't know / no data,no,yes,married/cohabiting,yes,77,Acholi,no data,2,,,420,333,415,3TC-TDF-(NVP/EFV/AZT/LPVr/ATVr),no data
21,36.7,F ,no,no,no,no,no,no ,Acholi,completed senior four,1-no ,no,yes,married/cohabiting,no,67,Acholi,no data,1,,,140,140,314,3TC-TDF-(NVP/EFV/AZT/LPVr/ATVr),no data
22,52.1,F ,no,no,no,yes ,no,no ,Acholi,no formal education,1-no ,no,yes,widow/widowed,no,2,Acholi,2,1,,,206,206,474,3TC-TDF-(NVP/EFV/AZT/LPVr/ATVr),2
23,59.8,F ,no,no,no,yes ,no,no ,Acholi,no formal education,1-no ,no,yes,widow/widowed,yes,136,3TC-TDF-(NVP/EFV/AZT/LPVr/ATVr),1,2,,,153,153,546,FTC-TDF-(NVP/EFV/LPVr),3TC-TDF-(NVP/EFV/AZT/LPVr/ATVr)
24,32.9,F ,no,no,no,yes ,no,no ,Acholi,no formal education,1-no ,no,yes,married/cohabiting,no,55,Acholi,1,1,,,188,188,478,3TC-TDF-(NVP/EFV/AZT/LPVr/ATVr),1
26,35.6,F ,no,no,no,yes ,no,no ,Acholi,no formal education,2-yes ,no,yes,married/cohabiting,no,27,Acholi,2,2,,,1180,278,630,3TC-TDF-(NVP/EFV/AZT/LPVr/ATVr),2
27,56.0,F ,no,no,no,no,no,no ,Lango,completed primary school,1-no ,no,yes,married/cohabiting,no,136,3TC-TDF-(NVP/EFV/AZT/LPVr/ATVr),no data,1,,,198,198,782,FTC-TDF-(NVP/EFV/LPVr),3TC-TDF-(NVP/EFV/AZT/LPVr/ATVr)
28,45.2,m,no,no,no,yes ,no,don't know / no data,Acholi,completed primary school,1-no ,no,yes,married/cohabiting,no,19,Acholi,2,2,,,520,451,799,3TC-TDF-(NVP/EFV/AZT/LPVr/ATVr),2
29,47.9,F ,no,no,no,no,no,no ,Acholi,completed primary school,1-no ,no,yes,married/cohabiting,no,131,3TC-TDF-(NVP/EFV/AZT/LPVr/ATVr),1,1,,,442,442,441,FTC-TDF-(NVP/EFV/LPVr),3TC-TDF-(NVP/EFV/AZT/LPVr/ATVr)
30,27.5,F ,no,no,no,yes ,no,don't know / no data,Acholi,completed primary school,1-no ,no,yes,married/cohabiting,yes,77,3TC-TDF-(NVP/EFV/AZT/LPVr/ATVr),no data,1,,,674,250,678,3TC-TDF-(NVP/EFV/AZT/LPVr/ATVr),3TC-TDF-(NVP/EFV/AZT/LPVr/ATVr)
31,43.4,F ,no,no,no,yes ,no,don't know / no data,Acholi,no formal education,1-no ,no,yes,married/cohabiting,yes,72,Acholi,3,1,,,341,341,607,3TC-AZT-(NVP/EFV/LPVr/ATVr),3
32,74.1,m,no,no,no,yes ,yes,don't know / no data,Acholi,no formal education,1-no ,no,yes,married/cohabiting,no,70,3TC-TDF-(NVP/EFV/AZT/LPVr/ATVr),1,no data,,,285,285,,FTC-TDF-(NVP/EFV/LPVr),3TC-TDF-(NVP/EFV/AZT/LPVr/ATVr)
33,56.7,F ,no,yes,no,no,yes,no ,Other / no data,completed primary school,1-no ,no,yes,widow/widowed,yes,122,Other / no data,no data,no data,,,150,150,1169,3TC-AZT-(NVP/EFV/LPVr/ATVr),no data
34,48.4,F ,no,no,no,no,yes,no ,Acholi,completed primary school,1-no ,no,yes,widow/widowed,no,24,Acholi,1,2,,,510,510,507,3TC-TDF-(NVP/EFV/AZT/LPVr/ATVr),1
35,33.5,F ,no,no,no,yes ,yes,no ,Acholi,no formal education,1-no ,no,yes,married/cohabiting,yes,53,Acholi,3,no data,,,247,247,625,3TC-TDF-(NVP/EFV/AZT/LPVr/ATVr),3
36,65.9,F ,no,no,no,yes ,yes,no ,Acholi,completed primary school,1-no ,no,yes,widow/widowed,no,102,3TC-TDF-(NVP/EFV/AZT/LPVr/ATVr),3,1,,,165,165,234,FTC-TDF-(NVP/EFV/LPVr),3TC-TDF-(NVP/EFV/AZT/LPVr/ATVr)
37,40.8,F ,no,no,no,no,yes,no ,Acholi,completed primary school,1-no ,no,yes,divorced/separated,no,10,Acholi,2,no data,,,493,493,337,3TC-TDF-(NVP/EFV/AZT/LPVr/ATVr),2
38,44.4,F ,no,yes,no,no,no,no ,Acholi,no formal education,1-no ,no,yes,widow/widowed,no,117,Acholi,3,1,,,4,94,702,3TC-AZT-(NVP/EFV/LPVr/ATVr),3
39,39.4,F ,no,no,yes,no,no,no ,Acholi,completed senior four,1-no ,no,yes,married/cohabiting,no,137,Acholi,no data,1,16,,87,87,506,3TC-TDF-(NVP/EFV/AZT/LPVr/ATVr),no data
40,47.0,m,no,yes,no,yes ,no,no ,Acholi,no formal education,1-no ,no,yes,married/cohabiting,no,127,Other,4,4,14,,256,256,1319,3TC-TDF-(NVP/EFV/AZT/LPVr/ATVr),Other
41,47.2,m,no,no,no,yes ,no,no ,Acholi,no formal education,1-no ,no,yes,married/cohabiting,no,29,Acholi,3,2,35,29,7,7,165,3TC-TDF-(NVP/EFV/AZT/LPVr/ATVr),3
42,44.3,F ,no,no,no,yes ,no,no ,Acholi,completed primary school,1-no ,no,yes,widow/widowed,no,118,Acholi,4,1,20,,1,1,155,3TC-TDF-(NVP/EFV/AZT/LPVr/ATVr),4
43,38.1,m,no,no,no,yes ,no,don't know / no data,Acholi,qualification afther senior six,1-no ,no,yes,married/cohabiting,yes,68,Acholi,1,2,,,247,247,479,3TC-TDF-(NVP/EFV/AZT/LPVr/ATVr),1
44,41.5,F ,no,no,no,yes ,no,don't know / no data,Acholi,no formal education,1-no ,no,yes,divorced/separated,yes,74,Acholi,no data,1,29,36,457,,324,3TC-TDF-(NVP/EFV/AZT/LPVr/ATVr),no data
45,37.3,F ,no,no,no,no,no,no ,Acholi,no formal education,1-no ,no,yes,married/cohabiting,no,108,3TC-TDF-(NVP/EFV/AZT/LPVr/ATVr),3,1,17,19,195,195,505,FTC-TDF-(NVP/EFV/LPVr),3TC-TDF-(NVP/EFV/AZT/LPVr/ATVr)
46,53.5,F ,no,no,no,yes ,no,no ,Acholi,completed primary school,1-no ,no,yes,married/cohabiting,no,131,Acholi,1,1,41,32,377,399,369,3TC-TDF-(NVP/EFV/AZT/LPVr/ATVr),1
47,32.3,F ,no,no,no,yes ,no,no ,Other / no data,no formal education,1-no ,no,yes,divorced/separated,yes,54,Other / no data,no data,no data,17,20,,,913,3TC-AZT-(NVP/EFV/LPVr/ATVr),no data
48,36.7,F ,no,yes,no,yes ,no,don't know / no data,Acholi,no formal education,2-yes ,no,yes,widow/widowed,no,10,Acholi,1,1,11,20,160,160,320,3TC-TDF-(NVP/EFV/AZT/LPVr/ATVr),1
49,42.5,F ,no,no,no,no,no,don't know / no data,Acholi,qualification afther senior six,1-no ,no,yes,widow/widowed,no,12,Acholi,1,1,38,32,1043,375,595,3TC-TDF-(NVP/EFV/AZT/LPVr/ATVr),1
50,29.2,F ,no,no,no,no,no,no ,Acholi,no formal education,1-no ,no,yes,married/cohabiting,no,27,Other,1,1,20,29,1228,845,1576,Other,Other
51,26.6,m,no,no,no,yes ,no,don't know / no data,Acholi,no formal education,1-no ,no,yes,divorced/separated,no,0,Acholi,3,2,46,40,5,5,,3TC-TDF-(NVP/EFV/AZT/LPVr/ATVr),3
52,38.7,F ,no,no,no,yes ,no,don't know / no data,Acholi,no formal education,3-don't know / no data,no,yes,married/cohabiting,no,2,Acholi,4,2,14,19,385,204,856,3TC-TDF-(NVP/EFV/AZT/LPVr/ATVr),4
53,59.6,m,no,no,no,yes ,no,no ,Acholi,qualification afther senior six,1-no ,no,yes,widow/widowed,no,42,Acholi,1,2,65,108,784,156,333,3TC-TDF-(NVP/EFV/AZT/LPVr/ATVr),1
54,52.4,F ,no,no,no,no,no,no ,Acholi,completed senior four,1-no ,no,yes,married/cohabiting,no,32,Acholi,2,2,25,28,119,119,335,3TC-TDF-(NVP/EFV/AZT/LPVr/ATVr),2
55,27.4,F ,no,no,yes,no,no,don't know / no data,Other / no data,completed senior four,3-don't know / no data,no,yes,married/cohabiting,no,110,3TC-TDF-(NVP/EFV/AZT/LPVr/ATVr),no data,2,17,29,330,179,368,3TC-TDF-(NVP/EFV/AZT/LPVr/ATVr),3TC-TDF-(NVP/EFV/AZT/LPVr/ATVr)
56,17.2,F ,no,no,no,no,no,don't know / no data,Acholi,no formal education,3-don't know / no data,no,yes,single,no,81,Acholi,2,1,18,29,284,284,660,3TC-AZT-(NVP/EFV/LPVr/ATVr),2
57,50.3,F ,no,no,no,no,no,no ,Acholi,no formal education,1-no ,no,yes,married/cohabiting,no,56,Acholi,1,1,30,35,556,221,293,3TC-TDF-(NVP/EFV/AZT/LPVr/ATVr),1
58,38.5,F ,no,no,no,yes ,no,don't know / no data,Acholi,no formal education,3-don't know / no data,no,yes,married/cohabiting,yes,20,Acholi,2,1,27,38,581,380,593,3TC-TDF-(NVP/EFV/AZT/LPVr/ATVr),2
59,27.0,F ,no,no,no,no,no,don't know / no data,Acholi,no formal education,1-no ,no,yes,married/cohabiting,no,117,3TC-TDF-(NVP/EFV/AZT/LPVr/ATVr),3,3,74,100,4,4,512,FTC-TDF-(NVP/EFV/LPVr),3TC-TDF-(NVP/EFV/AZT/LPVr/ATVr)
60,43.7,F ,no,no,no,no,no,no ,Acholi,completed primary school,2-yes ,no,yes,widow/widowed,no,25,Acholi,2,1,93,191,,233,435,3TC-AZT-(NVP/EFV/LPVr/ATVr),2
61,43.5,F ,no,no,no,no,no,no ,Acholi,completed primary school,1-no ,no,yes,married/cohabiting,no,29,Acholi,1,1,22,31,45,45,308,3TC-TDF-(NVP/EFV/AZT/LPVr/ATVr),1
62,47.5,F ,no,no,no,no,no,don't know / no data,Acholi,no formal education,1-no ,no,yes,married/cohabiting,no,49,Acholi,1,1,38,39,,504,691,3TC-AZT-(NVP/EFV/LPVr/ATVr),1
63,42.9,F ,no,no,no,yes ,no,no ,Acholi,no formal education,1-no ,no,yes,widow/widowed,no,73,Acholi,2,1,22,29,238,238,649,3TC-TDF-(NVP/EFV/AZT/LPVr/ATVr),2
64,55.7,F ,no,no,no,no,no,don't know / no data,Acholi,completed primary school,1-no ,no,yes,married/cohabiting,no,117,Acholi,3,2,36,32,61,61,574,3TC-TDF-(NVP/EFV/AZT/LPVr/ATVr),3
65,41.3,F ,no,no,no,no,no,no ,Acholi,no formal education,1-no ,no,yes,widow/widowed,yes,38,3TC-TDF-(NVP/EFV/AZT/LPVr/ATVr),2,2,21,31,892,130,637,3TC-TDF-(NVP/EFV/AZT/LPVr/ATVr),3TC-TDF-(NVP/EFV/AZT/LPVr/ATVr)
66,74.9,F ,no,no,no,yes ,no,no ,Acholi,no formal education,1-no ,no,yes,widow/widowed,yes,118,3TC-TDF-(NVP/EFV/AZT/LPVr/ATVr),3,2,51,63,92,92,404,FTC-TDF-(NVP/EFV/LPVr),3TC-TDF-(NVP/EFV/AZT/LPVr/ATVr)
67,30.1,F ,no,no,no,no,no,no ,Acholi,no formal education,1-no ,no,yes,married/cohabiting,yes,137,3TC-TDF-(NVP/EFV/AZT/LPVr/ATVr),2,2,45,51,6,6,582,FTC-TDF-(NVP/EFV/LPVr),3TC-TDF-(NVP/EFV/AZT/LPVr/ATVr)
68,31.0,F ,no,no,no,yes ,no,no ,Acholi,completed primary school,1-no ,no,yes,widow/widowed,no,100,3TC-TDF-(NVP/EFV/AZT/LPVr/ATVr),2,1,80,45,200,200,726,FTC-TDF-(NVP/EFV/LPVr),3TC-TDF-(NVP/EFV/AZT/LPVr/ATVr)
70,30.7,F ,no,no,no,no,no,no ,Acholi,no formal education,1-no ,no,yes,married/cohabiting,no,61,Acholi,no data,1,45,48,,,425,3TC-TDF-(NVP/EFV/AZT/LPVr/ATVr),no data
71,56.3,F ,no,no,no,yes ,no,no ,Acholi,completed primary school,1-no ,no,yes,widow/widowed,no,40,Acholi,1,1,35,52,428,319,,3TC-TDF-(NVP/EFV/AZT/LPVr/ATVr),1
72,52.4,F ,no,no,no,no,no,no ,Acholi,qualification afther senior six,1-no ,no,yes,married/cohabiting,no,122,Acholi,3,1,33,36,36,36,542,3TC-TDF-(NVP/EFV/AZT/LPVr/ATVr),3
73,35.2,m,no,no,no,no,no,no ,Acholi,No data,1-no ,no,yes,married/cohabiting,no,20,Acholi,1,1,20,27,454,454,460,3TC-TDF-(NVP/EFV/AZT/LPVr/ATVr),1
74,52.1,m,no,no,no,no,no,no ,Other / no data,completed primary school,1-no ,no,yes,married/cohabiting,no,47,Other / no data,1,2,34,42,,260,786,3TC-TDF-(NVP/EFV/AZT/LPVr/ATVr),1
77,42.9,F ,no,no,no,no,no,no ,Acholi,no formal education,1-no ,no,yes,widow/widowed,no,119,3TC-TDF-(NVP/EFV/AZT/LPVr/ATVr),3,1,40,39,259,259,537,3TC-AZT-(NVP/EFV/LPVr/ATVr),3TC-TDF-(NVP/EFV/AZT/LPVr/ATVr)
78,48.4,F ,no,no,no,yes ,no,don't know / no data,Acholi,completed primary school,1-no ,no,yes,divorced/separated,yes,50,3TC-TDF-(NVP/EFV/AZT/LPVr/ATVr),1,1,31,44,405,255,546,FTC-TDF-(NVP/EFV/LPVr),3TC-TDF-(NVP/EFV/AZT/LPVr/ATVr)
79,43.5,F ,no,yes,yes,no,no,don't know / no data,Acholi,completed primary school,2-yes ,yes,yes,married/cohabiting,no,61,3TC-TDF-(NVP/EFV/AZT/LPVr/ATVr),no data,no data,,,745,272,524,FTC-TDF-(NVP/EFV/LPVr),3TC-TDF-(NVP/EFV/AZT/LPVr/ATVr)
80,23.6,F ,no,no,no,yes ,no,no ,Acholi,no formal education,1-no ,no,yes,No data,no,43,3TC-TDF-(NVP/EFV/AZT/LPVr/ATVr),2,1,17,31,302,302,547,3TC-TDF-(NVP/EFV/AZT/LPVr/ATVr),3TC-TDF-(NVP/EFV/AZT/LPVr/ATVr)
81,52.4,F ,no,no,no,no,no,no ,Acholi,no formal education,2-yes ,no,yes,widow/widowed,yes,117,3TC-TDF-(NVP/EFV/AZT/LPVr/ATVr),2,1,28,35,43,43,561,FTC-TDF-(NVP/EFV/LPVr),3TC-TDF-(NVP/EFV/AZT/LPVr/ATVr)
82,50.5,F ,no,no,no,no,no,don't know / no data,Acholi,completed primary school,1-no ,no,yes,widow/widowed,yes,87,3TC-TDF-(NVP/EFV/AZT/LPVr/ATVr),1,1,32,33,258,292,529,FTC-TDF-(NVP/EFV/LPVr),3TC-TDF-(NVP/EFV/AZT/LPVr/ATVr)
83,38.3,F ,no,no,no,no,no,don't know / no data,Acholi,no formal education,3-don't know / no data,no,yes,married/cohabiting,no,116,3TC-AZT-(NVP/EFV/LPVr/ATVr),3,1,28,21,129,129,308,FTC-TDF-(NVP/EFV/LPVr),3TC-AZT-(NVP/EFV/LPVr/ATVr)
84,52.9,F ,no,no,no,yes ,no,no ,Acholi,no formal education,1-no ,no,yes,widow/widowed,yes,84,3TC-TDF-(NVP/EFV/AZT/LPVr/ATVr),2,1,42,44,105,287,573,FTC-TDF-(NVP/EFV/LPVr),3TC-TDF-(NVP/EFV/AZT/LPVr/ATVr)
85,55.4,F ,no,no,no,no,yes,no ,Acholi,completed senior six,1-no ,no,yes,widow/widowed,yes,131,3TC-TDF-(NVP/EFV/AZT/LPVr/ATVr),no data,no data,21,27,26,26,960,Other,3TC-TDF-(NVP/EFV/AZT/LPVr/ATVr)
86,41.3,F ,no,no,no,no,no,no ,Acholi,completed primary school,1-no ,no,yes,married/cohabiting,no,44,Acholi,2,1,19,27,359,333,492,3TC-TDF-(NVP/EFV/AZT/LPVr/ATVr),2
87,51.4,m,no,no,no,no,no,don't know / no data,Acholi,completed senior six,1-no ,no,yes,married/cohabiting,no,122,3TC-TDF-(NVP/EFV/AZT/LPVr/ATVr),3,2,28,28,154,154,432,FTC-TDF-(NVP/EFV/LPVr),3TC-TDF-(NVP/EFV/AZT/LPVr/ATVr)
88,35.1,m,no,no,no,yes ,yes,don't know / no data,Acholi,completed senior four,3-don't know / no data,no,yes,married/cohabiting,yes,74,Acholi,3,1,22,26,51,51,217,3TC-TDF-(NVP/EFV/AZT/LPVr/ATVr),3
89,63.9,m,no,no,no,no,no,don't know / no data,Acholi,completed senior six,1-no ,no,yes,married/cohabiting,yes,129,3TC-AZT-(NVP/EFV/LPVr/ATVr),3,1,34,33,173,173,645,3TC-D4T-(NVP/EFV/LPVr),3TC-AZT-(NVP/EFV/LPVr/ATVr)
90,42.8,F ,no,no,no,yes ,no,no ,Other / no data,no formal education,1-no ,no,yes,married/cohabiting,yes,5,Other,2,2,35,48,1009,305,1005,Other,Other
91,32.7,F ,no,no,no,yes ,no,no ,Acholi,completed primary school,1-no ,no,yes,married/cohabiting,yes,26,Acholi,1,1,18,27,499,499,897,3TC-TDF-(NVP/EFV/AZT/LPVr/ATVr),1
92,53.7,F ,no,no,no,no,no,don't know / no data,Acholi,no formal education,1-no ,no,yes,widow/widowed,yes,111,3TC-AZT-(NVP/EFV/LPVr/ATVr),2,2,9,24,25,25,193,FTC-TDF-(NVP/EFV/LPVr),3TC-AZT-(NVP/EFV/LPVr/ATVr)
93,50.9,m,no,no,no,no,no,no ,Acholi,completed senior four,1-no ,no,yes,married/cohabiting,yes,82,3TC-TDF-(NVP/EFV/AZT/LPVr/ATVr),2,1,27,33,153,153,366,FTC-TDF-(NVP/EFV/LPVr),3TC-TDF-(NVP/EFV/AZT/LPVr/ATVr)
94,45.6,F ,no,no,no,yes ,no,don't know / no data,Acholi,no formal education,1-no ,no,yes,married/cohabiting,yes,85,Acholi,3,3,19,28,396,396,894,3TC-TDF-(NVP/EFV/AZT/LPVr/ATVr),3
95,36.2,F ,no,no,no,yes ,no,don't know / no data,Acholi,completed primary school,1-no ,no,yes,divorced/separated,yes,55,3TC-TDF-(NVP/EFV/AZT/LPVr/ATVr),1,2,96,179,499,449,1144,Other,3TC-TDF-(NVP/EFV/AZT/LPVr/ATVr)
96,36.4,F ,no,no,no,yes ,no,no ,Acholi,no formal education,1-no ,no,yes,widow/widowed,yes,80,3TC-TDF-(NVP/EFV/AZT/LPVr/ATVr),1,2,21,29,544,321,479,3TC-AZT-(NVP/EFV/LPVr/ATVr),3TC-TDF-(NVP/EFV/AZT/LPVr/ATVr)
97,27.5,m,no,no,no,no,yes,no ,Acholi,qualification afther senior six,1-no ,no,yes,single,no,24,Acholi,1,1,25,39,387,406,630,3TC-TDF-(NVP/EFV/AZT/LPVr/ATVr),1
98,27.4,F ,no,no,no,yes ,yes,don't know / no data,Acholi,completed primary school,3-don't know / no data,no,yes,single,no,51,3TC-TDF-(NVP/EFV/AZT/LPVr/ATVr),3,1,26,37,1,1,447,FTC-TDF-(NVP/EFV/LPVr),3TC-TDF-(NVP/EFV/AZT/LPVr/ATVr)
99,47.4,F ,no,no,no,yes ,yes,no ,Acholi,completed primary school,3-don't know / no data,no,yes,widow/widowed,yes,101,3TC-TDF-(NVP/EFV/AZT/LPVr/ATVr),3,1,26,41,396,128,686,FTC-TDF-(NVP/EFV/LPVr),3TC-TDF-(NVP/EFV/AZT/LPVr/ATVr)
100,65.7,m,no,no,no,no,no,no ,Acholi,completed senior six,1-no ,no,yes,widow/widowed,yes,46,Acholi,1,1,32,51,282,282,451,3TC-TDF-(NVP/EFV/AZT/LPVr/ATVr),1
101,65.9,F ,no,no,no,no,no,no ,Acholi,completed primary school,1-no ,no,yes,widow/widowed,yes,104,3TC-TDF-(NVP/EFV/AZT/LPVr/ATVr),2,1,29,27,307,307,1007,FTC-TDF-(NVP/EFV/LPVr),3TC-TDF-(NVP/EFV/AZT/LPVr/ATVr)
102,47.7,m,no,no,no,no,no,no ,Acholi,completed primary school,1-no ,no,yes,married/cohabiting,no,68,Acholi,no data,2,,,315,315,476,3TC-TDF-(NVP/EFV/AZT/LPVr/ATVr),no data
103,52.2,F ,no,no,yes,no,no,no ,Acholi,completed primary school,1-no ,no,yes,divorced/separated,no,101,3TC-TDF-(NVP/EFV/AZT/LPVr/ATVr),3,2,23,28,118,118,168,FTC-TDF-(NVP/EFV/LPVr),3TC-TDF-(NVP/EFV/AZT/LPVr/ATVr)
104,36.6,F ,no,no,yes,yes ,no,no ,Acholi,completed senior four,1-no ,no,yes,married/cohabiting,no,38,Acholi,1,1,23,33,303,303,463,3TC-TDF-(NVP/EFV/AZT/LPVr/ATVr),1
105,67.8,F ,no,no,yes,yes ,no,no ,Acholi,completed primary school,1-no ,no,yes,widow/widowed,no,120,3TC-TDF-(NVP/EFV/AZT/LPVr/ATVr),1,1,20,32,186,186,523,FTC-TDF-(NVP/EFV/LPVr),3TC-TDF-(NVP/EFV/AZT/LPVr/ATVr)
106,44.4,m,no,no,no,yes ,no,no ,Acholi,completed primary school,1-no ,no,yes,married/cohabiting,no,76,3TC-TDF-(NVP/EFV/AZT/LPVr/ATVr),2,1,36,32,263,173,199,FTC-TDF-(NVP/EFV/LPVr),3TC-TDF-(NVP/EFV/AZT/LPVr/ATVr)
107,47.3,m,no,no,no,yes ,no,no ,Acholi,no formal education,3-don't know / no data,no,yes,married/cohabiting,yes,65,3TC-TDF-(NVP/EFV/AZT/LPVr/ATVr),1,2,25,37,159,159,472,FTC-TDF-(NVP/EFV/LPVr),3TC-TDF-(NVP/EFV/AZT/LPVr/ATVr)
108,47.4,F ,no,no,no,no,no,no ,Acholi,completed primary school,1-no ,no,yes,widow/widowed,yes,113,3TC-TDF-(NVP/EFV/AZT/LPVr/ATVr),no data,2,29,42,34,34,457,Other,3TC-TDF-(NVP/EFV/AZT/LPVr/ATVr)
109,33.7,F ,no,no,no,yes ,no,no ,Acholi,completed primary school,1-no ,no,yes,married/cohabiting,no,131,3TC-TDF-(NVP/EFV/AZT/LPVr/ATVr),2,2,22,28,249,249,971,FTC-TDF-(NVP/EFV/LPVr),3TC-TDF-(NVP/EFV/AZT/LPVr/ATVr)
110,42.1,F ,no,no,no,no,no,no ,Acholi,no formal education,1-no ,no,yes,married/cohabiting,yes,65,3TC-TDF-(NVP/EFV/AZT/LPVr/ATVr),no data,2,24,28,407,228,543,FTC-TDF-(NVP/EFV/LPVr),3TC-TDF-(NVP/EFV/AZT/LPVr/ATVr)
111,38.1,F ,no,no,no,no,no,no ,Acholi,completed senior four,1-no ,no,yes,married/cohabiting,no,24,Acholi,1,1,22,25,787,377,517,3TC-TDF-(NVP/EFV/AZT/LPVr/ATVr),1
112,39.0,m,no,no,no,yes ,no,no ,Acholi,no formal education,1-no ,no,yes,married/cohabiting,no,89,Acholi,no data,1,51,96,1672,340,385,3TC-TDF-(NVP/EFV/AZT/LPVr/ATVr),no data
113,37.7,F ,no,yes,no,no,no,no ,Acholi,no formal education,1-no ,no,yes,married/cohabiting,yes,69,Acholi,no data,1,35,41,103,103,295,3TC-TDF-(NVP/EFV/AZT/LPVr/ATVr),no data
114,59.4,F ,no,no,no,no,no,no ,Acholi,completed primary school,2-yes ,no,yes,widow/widowed,yes,8,3TC-TDF-(NVP/EFV/AZT/LPVr/ATVr),3,3,37,34,50,50,430,FTC-TDF-(NVP/EFV/LPVr),3TC-TDF-(NVP/EFV/AZT/LPVr/ATVr)
115,56.7,m,no,no,no,no,no,don't know / no data,Acholi,completed senior four,1-no ,no,yes,married/cohabiting,no,118,Acholi,2,1,29,34,181,181,611,3TC-AZT-(NVP/EFV/LPVr/ATVr),2
116,56.0,F ,no,no,no,no,no,no ,Acholi,no formal education,1-no ,no,yes,married/cohabiting,yes,86,Acholi,no data,1,25,40,991,291,626,3TC-TDF-(NVP/EFV/AZT/LPVr/ATVr),no data
117,43.4,F ,no,no,no,no,no,no ,Acholi,completed primary school,1-no ,no,yes,married/cohabiting,no,121,3TC-TDF-(NVP/EFV/AZT/LPVr/ATVr),3,2,12,25,,231,787,FTC-TDF-(NVP/EFV/LPVr),3TC-TDF-(NVP/EFV/AZT/LPVr/ATVr)
118,19.8,F ,no,no,no,no,no,don't know / no data,Acholi,completed primary school,1-no ,no,yes,single,no,17,Acholi,1,1,21,21,327,327,533,3TC-TDF-(NVP/EFV/AZT/LPVr/ATVr),1
119,46.4,m,no,no,no,no,no,no ,Acholi,completed senior four,1-no ,no,yes,married/cohabiting,no,85,3TC-TDF-(NVP/EFV/AZT/LPVr/ATVr),no data,1,40,44,319,275,772,FTC-TDF-(NVP/EFV/LPVr),3TC-TDF-(NVP/EFV/AZT/LPVr/ATVr)
120,57.7,m,no,no,no,yes ,no,don't know / no data,Acholi,completed senior four,3-don't know / no data,no,yes,married/cohabiting,no,100,3TC-TDF-(NVP/EFV/AZT/LPVr/ATVr),4,2,28,32,132,155,440,FTC-TDF-(NVP/EFV/LPVr),3TC-TDF-(NVP/EFV/AZT/LPVr/ATVr)
121,39.9,F ,no,no,no,yes ,no,no ,Acholi,no formal education,1-no ,no,yes,divorced/separated,yes,27,Acholi,1,1,20,23,916,427,623,3TC-TDF-(NVP/EFV/AZT/LPVr/ATVr),1
122,46.4,F ,no,no,no,yes ,no,no ,Acholi,no formal education,2-yes ,no,yes,married/cohabiting,yes,116,3TC-TDF-(NVP/EFV/AZT/LPVr/ATVr),3,1,90,65,173,173,485,FTC-TDF-(NVP/EFV/LPVr),3TC-TDF-(NVP/EFV/AZT/LPVr/ATVr)
123,42.8,m,no,no,no,yes ,no,no ,Acholi,completed primary school,1-no ,no,yes,married/cohabiting,yes,49,3TC-TDF-(NVP/EFV/AZT/LPVr/ATVr),2,1,33,25,196,196,361,FTC-TDF-(NVP/EFV/LPVr),3TC-TDF-(NVP/EFV/AZT/LPVr/ATVr)
124,52.4,F ,no,yes,no,no,no,no ,Acholi,completed senior four,2-yes ,no,yes,married/cohabiting,no,57,Acholi,2,2,114,222,715,346,649,3TC-TDF-(NVP/EFV/AZT/LPVr/ATVr),2
125,42.9,F ,no,no,yes,no,no,no ,Acholi,completed primary school,1-no ,no,yes,widow/widowed,no,24,Acholi,2,1,26,20,232,232,520,3TC-TDF-(NVP/EFV/AZT/LPVr/ATVr),2
126,49.9,F ,no,no,no,no,yes,don't know / no data,Acholi,no formal education,1-no ,no,yes,married/cohabiting,yes,43,Acholi,2,1,27,31,370,370,927,3TC-TDF-(NVP/EFV/AZT/LPVr/ATVr),2
127,53.0,F ,no,no,yes,yes ,no,don't know / no data,Acholi,no formal education,1-no ,no,yes,married/cohabiting,no,62,Acholi,2,1,24,36,340,340,969,3TC-TDF-(NVP/EFV/AZT/LPVr/ATVr),2
128,52.7,m,no,yes,no,no,no,no ,Acholi,completed senior four,1-no ,no,yes,widow/widowed,no,29,Acholi,2,1,21,29,114,114,192,3TC-TDF-(NVP/EFV/AZT/LPVr/ATVr),2
129,71.3,m,no,no,no,no,no,no ,Acholi,completed primary school,1-no ,no,yes,married/cohabiting,no,140,3TC-TDF-(NVP/EFV/AZT/LPVr/ATVr),3,1,35,38,61,61,315,FTC-TDF-(NVP/EFV/LPVr),3TC-TDF-(NVP/EFV/AZT/LPVr/ATVr)
130,37.2,F ,no,no,no,yes ,no,no ,Acholi,completed primary school,1-no ,no,yes,married/cohabiting,yes,65,Acholi,1,2,17,26,259,259,949,3TC-TDF-(NVP/EFV/AZT/LPVr/ATVr),1
131,26.4,F ,no,no,no,yes ,no,no ,Acholi,completed senior four,1-no ,no,yes,single,no,80,Acholi,2,2,33,35,277,124,1635,3TC-TDF-(NVP/EFV/AZT/LPVr/ATVr),2
132,29.9,F ,no,no,no,yes ,no,no ,Acholi,no formal education,1-no ,no,yes,divorced/separated,yes,86,3TC-TDF-(NVP/EFV/AZT/LPVr/ATVr),1,2,14,16,167,230,5,FTC-TDF-(NVP/EFV/LPVr),3TC-TDF-(NVP/EFV/AZT/LPVr/ATVr)
133,52.9,F ,no,no,no,yes ,no,no ,Acholi,no formal education,1-no ,no,yes,divorced/separated,yes,37,Acholi,2,2,17,29,,173,345,3TC-TDF-(NVP/EFV/AZT/LPVr/ATVr),2
134,34.3,F ,no,no,no,no,no,no ,Acholi,completed senior four,1-no ,no,yes,married/cohabiting,yes,46,Acholi,1,1,21,21,1228,1228,1103,3TC-TDF-(NVP/EFV/AZT/LPVr/ATVr),1
135,48.2,m,no,no,no,no,no,no ,Acholi,completed primary school,2-yes ,no,yes,married/cohabiting,yes,132,Acholi,2,2,19,20,,250,606,3TC-AZT-(NVP/EFV/LPVr/ATVr),2
136,36.5,F ,no,no,no,yes ,no,no ,Acholi,completed primary school,1-no ,no,yes,widow/widowed,yes,53,Acholi,1,1,14,19,,694,1081,3TC-TDF-(NVP/EFV/AZT/LPVr/ATVr),1
137,28.0,F ,no,no,no,no,no,no ,Acholi,no formal education,1-no ,no,yes,married/cohabiting,yes,39,Acholi,1,1,22,27,663,614,751,3TC-TDF-(NVP/EFV/AZT/LPVr/ATVr),1
138,57.0,F ,no,yes,no,no,no,no ,Acholi,completed senior four,1-no ,no,yes,widow/widowed,yes,143,Acholi,1,2,24,28,3,3,699,3TC-AZT-(NVP/EFV/LPVr/ATVr),1
139,44.2,F ,no,no,no,no,no,no ,Acholi,no formal education,1-no ,no,yes,widow/widowed,yes,129,3TC-TDF-(NVP/EFV/AZT/LPVr/ATVr),2,1,15,18,159,159,743,FTC-TDF-(NVP/EFV/LPVr),3TC-TDF-(NVP/EFV/AZT/LPVr/ATVr)
140,32.9,F ,no,no,no,no,no,no ,Other / no data,completed primary school,1-no ,no,yes,divorced/separated,no,57,3TC-TDF-(NVP/EFV/AZT/LPVr/ATVr),2,1,13,30,,300,676,FTC-TDF-(NVP/EFV/LPVr),3TC-TDF-(NVP/EFV/AZT/LPVr/ATVr)
141,46.9,F ,no,no,no,yes ,no,no ,Acholi,no formal education,3-don't know / no data,no,yes,married/cohabiting,yes,54,Acholi,2,1,21,36,593,339,433,3TC-TDF-(NVP/EFV/AZT/LPVr/ATVr),2
142,50.3,m,no,no,no,no,no,no ,Acholi,completed senior four,1-no ,no,yes,married/cohabiting,yes,69,Acholi,2,1,40,35,204,204,360,3TC-TDF-(NVP/EFV/AZT/LPVr/ATVr),2
143,25.7,F ,no,no,no,yes ,no,no ,Acholi,no formal education,1-no ,no,yes,married/cohabiting,no,60,Acholi,1,2,44,41,250,250,809,3TC-TDF-(NVP/EFV/AZT/LPVr/ATVr),1
144,45.3,F ,no,yes,no,no,no,don't know / no data,Acholi,completed senior four,3-don't know / no data,no,yes,widow/widowed,yes,140,3TC-AZT-(NVP/EFV/LPVr/ATVr),3,1,12,15,28,28,115,FTC-TDF-(NVP/EFV/LPVr),3TC-AZT-(NVP/EFV/LPVr/ATVr)
145,48.9,F ,no,no,no,no,no,no ,Acholi,no formal education,1-no ,no,yes,divorced/separated,yes,9,Acholi,1,1,28,29,177,177,442,3TC-TDF-(NVP/EFV/AZT/LPVr/ATVr),1
146,31.5,F ,no,no,no,no,no,don't know / no data,Acholi,completed senior four,1-no ,no,yes,married/cohabiting,no,52,Acholi,3,2,26,34,108,59,440,3TC-TDF-(NVP/EFV/AZT/LPVr/ATVr),3
147,33.7,F ,no,no,no,yes ,no,don't know / no data,Acholi,completed primary school,1-no ,no,yes,married/cohabiting,no,123,Acholi,1,2,32,29,387,387,748,3TC-TDF-(NVP/EFV/AZT/LPVr/ATVr),1
148,32.9,F ,no,no,no,yes ,no,don't know / no data,Acholi,qualification afther senior six,1-no ,no,yes,single,no,13,Acholi,2,2,46,38,31,31,112,3TC-TDF-(NVP/EFV/AZT/LPVr/ATVr),2
149,23.3,F ,no,no,no,yes ,no,no ,Acholi,no formal education,1-no ,no,yes,married/cohabiting,no,6,Acholi,1,1,25,27,184,184,184,3TC-TDF-(NVP/EFV/AZT/LPVr/ATVr),1
150,49.9,F ,no,no,no,yes ,no,no ,Acholi,no formal education,1-no ,no,yes,married/cohabiting,yes,100,3TC-TDF-(NVP/EFV/AZT/LPVr/ATVr),2,1,19,19,,232,497,FTC-TDF-(NVP/EFV/LPVr),3TC-TDF-(NVP/EFV/AZT/LPVr/ATVr)
151,57.9,F ,no,no,no,yes ,yes,don't know / no data,Acholi,no formal education,3-don't know / no data,no,yes,widow/widowed,yes,89,3TC-TDF-(NVP/EFV/AZT/LPVr/ATVr),3,3,23,30,286,293,445,FTC-TDF-(NVP/EFV/LPVr),3TC-TDF-(NVP/EFV/AZT/LPVr/ATVr)
152,27.6,m,no,no,no,yes ,no,don't know / no data,Acholi,completed primary school,3-don't know / no data,no,yes,married/cohabiting,no,2,Acholi,1,1,21,30,16,16,16,3TC-TDF-(NVP/EFV/AZT/LPVr/ATVr),1
153,30.4,F ,no,no,no,no,no,no ,Acholi,completed primary school,1-no ,no,yes,divorced/separated,no,49,Acholi,1,1,22,22,60,60,353,3TC-TDF-(NVP/EFV/AZT/LPVr/ATVr),1
154,37.6,F ,no,no,no,yes ,no,no ,Acholi,no formal education,1-no ,no,yes,married/cohabiting,no,117,3TC-TDF-(NVP/EFV/AZT/LPVr/ATVr),2,1,20,29,128,128,390,FTC-TDF-(NVP/EFV/LPVr),3TC-TDF-(NVP/EFV/AZT/LPVr/ATVr)
155,25.0,F ,no,no,no,no,no,no ,Acholi,completed primary school,1-no ,no,yes,divorced/separated,no,53,Acholi,1,1,14,17,335,335,87,3TC-AZT-(NVP/EFV/LPVr/ATVr),1
156,46.5,F ,no,no,no,no,no,no ,Acholi,completed primary school,1-no ,no,yes,married/cohabiting,yes,145,3TC-AZT-(NVP/EFV/LPVr/ATVr),2,1,52,41,242,242,723,FTC-TDF-(NVP/EFV/LPVr),3TC-AZT-(NVP/EFV/LPVr/ATVr)
157,40.7,m,no,no,no,no,no,no ,Acholi,completed primary school,1-no ,no,yes,married/cohabiting,no,79,3TC-AZT-(NVP/EFV/LPVr/ATVr),2,2,13,19,,60,132,3TC-AZT-(NVP/EFV/LPVr/ATVr),3TC-AZT-(NVP/EFV/LPVr/ATVr)
158,70.9,m,no,yes,no,yes ,no,don't know / no data,Acholi,completed primary school,3-don't know / no data,yes,yes,married/cohabiting,no,42,3TC-TDF-(NVP/EFV/AZT/LPVr/ATVr),2,2,28,32,1253,420,582,3TC-TDF-(NVP/EFV/AZT/LPVr/ATVr),3TC-TDF-(NVP/EFV/AZT/LPVr/ATVr)
159,11.3,m,no,no,no,yes ,no,don't know / no data,Acholi,no formal education,3-don't know / no data,no,yes,No data,yes,23,Other,1,1,22,29,2031,518,1071,Other,Other
160,47.9,F ,no,no,no,yes ,no,no ,Acholi,no formal education,2-yes ,no,yes,widow/widowed,no,24,Acholi,1,1,23,30,338,338,494,3TC-AZT-(NVP/EFV/LPVr/ATVr),1
161,32.8,m,no,no,no,yes ,no,don't know / no data,Acholi,no formal education,1-no ,no,yes,married/cohabiting,no,57,3TC-TDF-(NVP/EFV/AZT/LPVr/ATVr),2,2,52,44,182,233,263,FTC-TDF-(NVP/EFV/LPVr),3TC-TDF-(NVP/EFV/AZT/LPVr/ATVr)
162,30.8,F ,no,no,no,yes ,no,no ,Acholi,completed primary school,1-no ,no,yes,married/cohabiting,yes,121,3TC-AZT-(NVP/EFV/LPVr/ATVr),3,3,36,42,61,61,18,FTC-TDF-(NVP/EFV/LPVr),3TC-AZT-(NVP/EFV/LPVr/ATVr)
163,40.9,F ,no,no,no,no,no,no ,Acholi,no formal education,1-no ,no,yes,married/cohabiting,yes,120,Acholi,2,1,24,45,,,464,3TC-TDF-(NVP/EFV/AZT/LPVr/ATVr),2
164,44.9,F ,no,no,no,yes ,no,no ,Acholi,no formal education,1-no ,no,yes,married/cohabiting,no,137,3TC-TDF-(NVP/EFV/AZT/LPVr/ATVr),3,1,19,24,,11,556,FTC-TDF-(NVP/EFV/LPVr),3TC-TDF-(NVP/EFV/AZT/LPVr/ATVr)
165,42.9,F ,no,yes,no,no,no,no ,Acholi,completed primary school,1-no ,no,yes,widow/widowed,yes,136,3TC-TDF-(NVP/EFV/AZT/LPVr/ATVr),3,1,33,31,10,10,524,FTC-TDF-(NVP/EFV/LPVr),3TC-TDF-(NVP/EFV/AZT/LPVr/ATVr)
166,38.9,F ,no,no,no,yes ,no,no ,Acholi,no formal education,1-no ,no,yes,married/cohabiting,no,54,3TC-AZT-(NVP/EFV/LPVr/ATVr),1,2,25,28,,823,691,3TC-TDF-(NVP/EFV/AZT/LPVr/ATVr),3TC-AZT-(NVP/EFV/LPVr/ATVr)
167,35.9,F ,no,no,no,yes ,no,no ,Acholi,no formal education,1-no ,no,yes,married/cohabiting,no,31,Acholi,1,1,45,48,265,265,742,3TC-TDF-(NVP/EFV/AZT/LPVr/ATVr),1
168,45.8,F ,no,yes,no,no,no,don't know / no data,Acholi,completed senior six,1-no ,no,yes,married/cohabiting,yes,124,3TC-TDF-(NVP/EFV/AZT/LPVr/ATVr),2,1,27,30,234,234,202,FTC-TDF-(NVP/EFV/LPVr),3TC-TDF-(NVP/EFV/AZT/LPVr/ATVr)
169,53.1,F ,no,no,no,no,no,no ,Lango,completed primary school,1-no ,no,yes,married/cohabiting,yes,24,Lango,1,1,32,40,277,277,556,3TC-TDF-(NVP/EFV/AZT/LPVr/ATVr),1
170,42.5,F ,no,no,no,yes ,no,no ,Acholi,no formal education,1-no ,no,yes,married/cohabiting,yes,82,3TC-TDF-(NVP/EFV/AZT/LPVr/ATVr),1,1,21,36,,284,518,FTC-TDF-(NVP/EFV/LPVr),3TC-TDF-(NVP/EFV/AZT/LPVr/ATVr)
171,54.9,F ,no,no,no,no,no,no ,Acholi,no formal education,1-no ,no,yes,married/cohabiting,yes,16,Acholi,3,3,21,34,401,401,846,3TC-TDF-(NVP/EFV/AZT/LPVr/ATVr),3
172,57.5,m,no,no,no,no,no,don't know / no data,Acholi,completed primary school,2-yes ,no,yes,divorced/separated,no,157,Acholi,3,2,31,33,33,33,777,3TC-TDF-(NVP/EFV/AZT/LPVr/ATVr),3
173,38.4,F ,no,no,no,yes ,no,no ,Acholi,completed senior four,1-no ,no,yes,married/cohabiting,yes,89,3TC-TDF-(NVP/EFV/AZT/LPVr/ATVr),1,1,20,24,118,107,393,FTC-TDF-(NVP/EFV/LPVr),3TC-TDF-(NVP/EFV/AZT/LPVr/ATVr)
174,35.5,F ,no,no,no,yes ,no,no ,Acholi,completed primary school,1-no ,no,yes,married/cohabiting,yes,40,Acholi,1,1,36,26,444,360,775,3TC-TDF-(NVP/EFV/AZT/LPVr/ATVr),1
175,25.5,F ,no,no,no,yes ,no,no ,Acholi,completed primary school,2-yes ,no,yes,married/cohabiting,no,49,3TC-TDF-(NVP/EFV/AZT/LPVr/ATVr),1,1,27,29,218,218,442,FTC-TDF-(NVP/EFV/LPVr),3TC-TDF-(NVP/EFV/AZT/LPVr/ATVr)
176,31.9,F ,no,no,no,yes ,no,no ,Acholi,completed primary school,1-no ,no,yes,married/cohabiting,yes,97,3TC-TDF-(NVP/EFV/AZT/LPVr/ATVr),2,1,16,20,286,286,1045,Other,3TC-TDF-(NVP/EFV/AZT/LPVr/ATVr)
177,40.1,F ,no,yes,no,no,no,no ,Acholi,completed senior four,1-no ,no,yes,married/cohabiting,yes,39,Acholi,1,1,16,22,463,220,836,3TC-TDF-(NVP/EFV/AZT/LPVr/ATVr),1
178,54.9,F ,no,no,no,no,no,no ,Acholi,completed primary school,1-no ,no,yes,widow/widowed,no,140,3TC-TDF-(NVP/EFV/AZT/LPVr/ATVr),3,3,49,56,135,135,332,FTC-TDF-(NVP/EFV/LPVr),3TC-TDF-(NVP/EFV/AZT/LPVr/ATVr)
179,64.0,F ,no,yes,no,yes ,no,don't know / no data,Acholi,completed primary school,1-no ,no,yes,widow/widowed,yes,112,3TC-TDF-(NVP/EFV/AZT/LPVr/ATVr),3,1,22,51,144,144,389,FTC-TDF-(NVP/EFV/LPVr),3TC-TDF-(NVP/EFV/AZT/LPVr/ATVr)
180,29.9,F ,no,no,no,no,no,no ,Acholi,no formal education,1-no ,no,yes,divorced/separated,no,68,Acholi,1,1,9,19,62,62,,3TC-AZT-(NVP/EFV/LPVr/ATVr),1
181,36.9,F ,no,no,yes,yes ,no,no ,Acholi,completed primary school,1-no ,no,yes,widow/widowed,no,19,Acholi,2,1,26,36,203,203,335,3TC-TDF-(NVP/EFV/AZT/LPVr/ATVr),2
182,43.1,m,no,no,no,no,no,no ,Acholi,completed primary school,1-no ,no,yes,married/cohabiting,no,11,Acholi,2,1,50,42,149,149,379,3TC-TDF-(NVP/EFV/AZT/LPVr/ATVr),2
183,39.4,m,no,no,no,yes ,no,don't know / no data,Acholi,completed primary school,1-no ,no,yes,married/cohabiting,yes,117,3TC-TDF-(NVP/EFV/AZT/LPVr/ATVr),2,1,32,45,,242,404,FTC-TDF-(NVP/EFV/LPVr),3TC-TDF-(NVP/EFV/AZT/LPVr/ATVr)
184,38.1,F ,no,no,no,no,no,no ,Acholi,completed primary school,1-no ,no,yes,married/cohabiting,yes,64,3TC-TDF-(NVP/EFV/AZT/LPVr/ATVr),1,2,41,48,387,387,1104,3TC-AZT-(NVP/EFV/LPVr/ATVr),3TC-TDF-(NVP/EFV/AZT/LPVr/ATVr)
185,33.9,F ,no,no,yes,yes ,no,no ,Acholi,no formal education,1-no ,no,yes,married/cohabiting,no,26,Acholi,2,1,32,34,475,475,472,3TC-TDF-(NVP/EFV/AZT/LPVr/ATVr),2
186,43.9,F ,no,yes,yes,no,no,no ,Acholi,completed primary school,2-yes ,no,yes,widow/widowed,no,77,3TC-TDF-(NVP/EFV/AZT/LPVr/ATVr),2,2,27,38,428,195,270,FTC-TDF-(NVP/EFV/LPVr),3TC-TDF-(NVP/EFV/AZT/LPVr/ATVr)
187,58.7,m,no,no,yes,yes ,no,no ,Acholi,completed primary school,1-no ,no,yes,married/cohabiting,no,14,Acholi,1,1,36,40,692,440,484,3TC-TDF-(NVP/EFV/AZT/LPVr/ATVr),1
189,36.9,F ,no,no,no,no,no,no ,Acholi,completed primary school,1-no ,no,yes,widow/widowed,yes,94,3TC-TDF-(NVP/EFV/AZT/LPVr/ATVr),2,1,28,29,145,145,419,FTC-TDF-(NVP/EFV/LPVr),3TC-TDF-(NVP/EFV/AZT/LPVr/ATVr)
190,43.1,F ,no,no,no,no,no,no ,Acholi,no formal education,1-no ,no,yes,married/cohabiting,no,121,3TC-TDF-(NVP/EFV/AZT/LPVr/ATVr),3,1,23,29,,325,815,Other,3TC-TDF-(NVP/EFV/AZT/LPVr/ATVr)
191,49.8,m,no,yes,no,yes ,no,no ,Acholi,completed primary school,1-no ,no,yes,married/cohabiting,no,118,3TC-TDF-(NVP/EFV/AZT/LPVr/ATVr),3,1,23,22,117,117,403,FTC-TDF-(NVP/EFV/LPVr),3TC-TDF-(NVP/EFV/AZT/LPVr/ATVr)
192,14.9,m,no,no,no,no,no,don't know / no data,Acholi,no formal education,3-don't know / no data,no,yes,single,no,77,Acholi,2,1,16,21,238,238,341,3TC-AZT-(NVP/EFV/LPVr/ATVr),2
193,27.5,F ,no,no,no,no,no,don't know / no data,Acholi,completed primary school,3-don't know / no data,no,yes,married/cohabiting,yes,24,Acholi,2,2,14,20,126,126,304,3TC-TDF-(NVP/EFV/AZT/LPVr/ATVr),2
194,41.4,F ,no,no,no,yes ,no,no ,Acholi,no formal education,1-no ,no,yes,divorced/separated,no,115,3TC-AZT-(NVP/EFV/LPVr/ATVr),3,1,23,27,,185,569,3TC-D4T-(NVP/EFV/LPVr),3TC-AZT-(NVP/EFV/LPVr/ATVr)
195,43.4,F ,no,no,yes,yes ,no,no ,Acholi,no formal education,1-no ,no,yes,married/cohabiting,yes,102,3TC-TDF-(NVP/EFV/AZT/LPVr/ATVr),3,1,40,35,,278,657,FTC-TDF-(NVP/EFV/LPVr),3TC-TDF-(NVP/EFV/AZT/LPVr/ATVr)
196,40.9,F ,no,no,no,yes ,no,no ,Lango,no formal education,1-no ,no,yes,married/cohabiting,yes,73,Lango,2,1,44,44,170,170,520,3TC-TDF-(NVP/EFV/AZT/LPVr/ATVr),2
198,44.4,m,no,no,no,yes ,no,no ,Acholi,completed senior four,1-no ,no,yes,widow/widowed,no,54,3TC-AZT-(NVP/EFV/LPVr/ATVr),3,3,13,24,5,5,192,FTC-TDF-(NVP/EFV/LPVr),3TC-AZT-(NVP/EFV/LPVr/ATVr)
199,32.9,F ,no,no,no,no,no,no ,Acholi,no formal education,1-no ,no,yes,married/cohabiting,no,63,Acholi,2,2,24,24,298,298,405,3TC-TDF-(NVP/EFV/AZT/LPVr/ATVr),2
200,61.8,F ,no,no,no,yes ,no,no ,Acholi,completed primary school,1-no ,no,yes,married/cohabiting,yes,89,3TC-TDF-(NVP/EFV/AZT/LPVr/ATVr),4,1,30,27,,44,462,3TC-AZT-(NVP/EFV/LPVr/ATVr),3TC-TDF-(NVP/EFV/AZT/LPVr/ATVr)
201,43.5,F ,no,no,no,yes ,no,no ,Acholi,completed primary school,1-no ,no,yes,widow/widowed,no,73,Acholi,1,2,19,25,117,117,609,3TC-TDF-(NVP/EFV/AZT/LPVr/ATVr),1
202,46.4,m,no,no,no,no,no,no ,Acholi,completed primary school,1-no ,no,yes,married/cohabiting,yes,26,Acholi,2,2,79,82,451,34,545,3TC-AZT-(NVP/EFV/LPVr/ATVr),2
203,42.9,F ,no,yes,no,no,no,no ,Acholi,no formal education,1-no ,no,yes,widow/widowed,no,81,3TC-TDF-(NVP/EFV/AZT/LPVr/ATVr),2,2,17,22,241,241,374,3TC-AZT-(NVP/EFV/LPVr/ATVr),3TC-TDF-(NVP/EFV/AZT/LPVr/ATVr)
204,37.9,F ,no,no,no,no,no,no ,Acholi,no formal education,1-no ,no,yes,divorced/separated,yes,95,3TC-TDF-(NVP/EFV/AZT/LPVr/ATVr),2,2,17,32,,275,801,FTC-TDF-(NVP/EFV/LPVr),3TC-TDF-(NVP/EFV/AZT/LPVr/ATVr)
205,29.5,F ,no,no,no,no,no,no ,Acholi,completed senior four,1-no ,no,yes,married/cohabiting,no,50,Acholi,no data,1,19,32,426,284,596,3TC-TDF-(NVP/EFV/AZT/LPVr/ATVr),no data
206,60.2,m,no,no,no,yes ,no,don't know / no data,Acholi,no formal education,3-don't know / no data,no,yes,married/cohabiting,no,72,Acholi,1,2,48,48,,299,220,3TC-TDF-(NVP/EFV/AZT/LPVr/ATVr),1
207,18.8,F ,no,no,no,no,no,don't know / no data,Acholi,completed primary school,3-don't know / no data,no,yes,single,no,62,Acholi,no data,1,20,32,700,375,733,3TC-TDF-(NVP/EFV/AZT/LPVr/ATVr),no data
208,52.5,F ,no,no,no,no,no,don't know / no data,Other / no data,no formal education,3-don't know / no data,no,yes,divorced/separated,yes,60,3TC-TDF-(NVP/EFV/AZT/LPVr/ATVr),4,1,22,25,246,246,305,FTC-TDF-(NVP/EFV/LPVr),3TC-TDF-(NVP/EFV/AZT/LPVr/ATVr)
209,40.8,F ,no,no,no,yes ,no,no ,Acholi,no formal education,1-no ,no,yes,married/cohabiting,yes,108,3TC-TDF-(NVP/EFV/AZT/LPVr/ATVr),3,1,28,32,106,106,546,FTC-TDF-(NVP/EFV/LPVr),3TC-TDF-(NVP/EFV/AZT/LPVr/ATVr)
210,53.4,F ,no,no,no,no,no,no ,Acholi,no formal education,1-no ,no,yes,married/cohabiting,no,139,3TC-AZT-(NVP/EFV/LPVr/ATVr),2,3,32,35,438,438,283,FTC-TDF-(NVP/EFV/LPVr),3TC-AZT-(NVP/EFV/LPVr/ATVr)
211,58.6,F ,no,no,yes,no,no,no ,Acholi,no formal education,1-no ,no,yes,widow/widowed,yes,140,3TC-TDF-(NVP/EFV/AZT/LPVr/ATVr),3,3,36,34,57,57,677,FTC-TDF-(NVP/EFV/LPVr),3TC-TDF-(NVP/EFV/AZT/LPVr/ATVr)
212,24.7,F ,no,no,no,yes ,no,no ,Acholi,no formal education,1-no ,no,yes,divorced/separated,yes,26,Acholi,2,no data,31,28,409,409,659,3TC-TDF-(NVP/EFV/AZT/LPVr/ATVr),2
213,51.7,F ,no,no,no,no,no,no ,Acholi,completed primary school,1-no ,no,yes,married/cohabiting,no,15,3TC-TDF-(NVP/EFV/AZT/LPVr/ATVr),2,2,31,36,71,71,512,FTC-TDF-(NVP/EFV/LPVr),3TC-TDF-(NVP/EFV/AZT/LPVr/ATVr)
214,46.0,F ,no,no,no,no,no,don't know / no data,Acholi,completed primary school,2-yes ,no,yes,married/cohabiting,no,140,3TC-TDF-(NVP/EFV/AZT/LPVr/ATVr),no data,no data,26,40,,80,523,3TC-D4T-(NVP/EFV/LPVr),3TC-TDF-(NVP/EFV/AZT/LPVr/ATVr)
215,65.6,F ,no,no,no,yes ,no,no ,Acholi,no formal education,1-no ,no,yes,married/cohabiting,yes,72,3TC-TDF-(NVP/EFV/AZT/LPVr/ATVr),3,1,15,25,245,245,409,FTC-TDF-(NVP/EFV/LPVr),3TC-TDF-(NVP/EFV/AZT/LPVr/ATVr)
216,37.4,F ,no,yes,no,yes ,no,don't know / no data,Acholi,no formal education,3-don't know / no data,no,yes,divorced/separated,yes,46,3TC-TDF-(NVP/EFV/AZT/LPVr/ATVr),2,1,57,47,,,494,FTC-TDF-(NVP/EFV/LPVr),3TC-TDF-(NVP/EFV/AZT/LPVr/ATVr)
217,55.9,F ,no,no,no,yes ,no,don't know / no data,Acholi,completed primary school,3-don't know / no data,no,yes,widow/widowed,no,104,Acholi,3,1,24,28,296,296,609,3TC-TDF-(NVP/EFV/AZT/LPVr/ATVr),3
218,44.0,m,no,no,no,no,no,no ,Acholi,no formal education,1-no ,no,yes,married/cohabiting,yes,116,3TC-AZT-(NVP/EFV/LPVr/ATVr),3,2,58,52,,,277,3TC-D4T-(NVP/EFV/LPVr),3TC-AZT-(NVP/EFV/LPVr/ATVr)
219,46.4,F ,no,no,no,yes ,no,don't know / no data,Acholi,no formal education,3-don't know / no data,no,yes,married/cohabiting,yes,82,Acholi,2,no data,26,33,401,255,419,3TC-TDF-(NVP/EFV/AZT/LPVr/ATVr),2
220,31.8,m,no,no,no,yes ,no,no ,Acholi,completed primary school,1-no ,no,yes,married/cohabiting,yes,7,Acholi,1,1,39,57,,,539,3TC-TDF-(NVP/EFV/AZT/LPVr/ATVr),1
221,25.3,F ,no,yes,no,no,no,no ,Acholi,no formal education,1-no ,no,yes,widow/widowed,no,46,3TC-TDF-(NVP/EFV/AZT/LPVr/ATVr),2,1,38,38,152,152,654,3TC-TDF-(NVP/EFV/AZT/LPVr/ATVr),3TC-TDF-(NVP/EFV/AZT/LPVr/ATVr)
223,27.9,F ,no,no,no,yes ,no,no ,Acholi,no formal education,1-no ,no,yes,married/cohabiting,no,31,Acholi,1,1,29,25,,,1529,3TC-TDF-(NVP/EFV/AZT/LPVr/ATVr),1
225,36.5,F ,no,yes,no,no,no,no ,Acholi,completed primary school,1-no ,no,yes,divorced/separated,yes,96,Acholi,2,1,20,26,43,43,412,3TC-TDF-(NVP/EFV/AZT/LPVr/ATVr),2
226,58.2,F ,no,no,no,no,no,no ,Acholi,completed senior four,1-no ,no,yes,widow/widowed,yes,95,3TC-TDF-(NVP/EFV/AZT/LPVr/ATVr),3,1,29,32,448,361,441,FTC-TDF-(NVP/EFV/LPVr),3TC-TDF-(NVP/EFV/AZT/LPVr/ATVr)
227,59.5,m,no,no,no,no,no,no ,Acholi,completed senior four,1-no ,no,yes,married/cohabiting,no,53,Acholi,2,1,24,33,780,238,465,3TC-TDF-(NVP/EFV/AZT/LPVr/ATVr),2
229,28.7,F ,no,no,no,no,yes,Yes,Acholi,no formal education,2-yes ,no,yes,married/cohabiting,no,42,Acholi,1,no data,22,23,683,449,486,3TC-TDF-(NVP/EFV/AZT/LPVr/ATVr),1
230,44.9,F ,no,no,no,yes ,no,Yes,Acholi,no formal education,2-yes ,no,yes,widow/widowed,no,32,Acholi,3,2,18,24,432,333,692,3TC-TDF-(NVP/EFV/AZT/LPVr/ATVr),3
231,49.5,m,no,no,no,no,no,no ,Acholi,completed primary school,1-no ,no,yes,married/cohabiting,yes,79,Acholi,2,1,14,18,,50,460,3TC-AZT-(NVP/EFV/LPVr/ATVr),2
232,37.9,F ,no,yes,no,yes ,no,no ,Lango,no formal education,1-no ,no,yes,divorced/separated,yes,100,3TC-TDF-(NVP/EFV/AZT/LPVr/ATVr),3,1,20,31,77,77,761,FTC-TDF-(NVP/EFV/LPVr),3TC-TDF-(NVP/EFV/AZT/LPVr/ATVr)
233,53.2,F ,no,no,no,no,no,no ,Acholi,completed primary school,1-no ,no,yes,widow/widowed,yes,119,3TC-TDF-(NVP/EFV/AZT/LPVr/ATVr),1,1,46,57,,247,697,3TC-AZT-(NVP/EFV/LPVr/ATVr),3TC-TDF-(NVP/EFV/AZT/LPVr/ATVr)
234,54.4,F ,no,no,no,yes ,no,no ,Acholi,completed primary school,1-no ,no,yes,married/cohabiting,no,71,Acholi,1,1,21,26,,306,583,3TC-TDF-(NVP/EFV/AZT/LPVr/ATVr),1
235,58.4,F ,no,no,no,yes ,no,no ,Acholi,no formal education,1-no ,no,yes,widow/widowed,yes,107,3TC-TDF-(NVP/EFV/AZT/LPVr/ATVr),3,1,36,37,,37,393,FTC-TDF-(NVP/EFV/LPVr),3TC-TDF-(NVP/EFV/AZT/LPVr/ATVr)
236,49.9,F ,no,no,no,yes ,no,no ,Acholi,no formal education,1-no ,no,yes,married/cohabiting,yes,115,3TC-AZT-(NVP/EFV/LPVr/ATVr),3,1,21,20,88,88,306,3TC-D4T-(NVP/EFV/LPVr),3TC-AZT-(NVP/EFV/LPVr/ATVr)
237,38.9,F ,no,no,no,yes ,no,no ,Acholi,no formal education,1-no ,no,yes,widow/widowed,yes,107,3TC-TDF-(NVP/EFV/AZT/LPVr/ATVr),3,3,24,28,166,166,819,FTC-TDF-(NVP/EFV/LPVr),3TC-TDF-(NVP/EFV/AZT/LPVr/ATVr)
238,49.8,F ,no,no,no,yes ,no,don't know / no data,Acholi,no formal education,3-don't know / no data,no,yes,widow/widowed,yes,51,Acholi,3,3,26,22,142,155,534,3TC-TDF-(NVP/EFV/AZT/LPVr/ATVr),3
240,45.1,F ,no,no,no,no,yes,no ,Other / no data,no formal education,1-no ,no,yes,married/cohabiting,no,8,Other / no data,2,2,28,30,155,155,410,3TC-TDF-(NVP/EFV/AZT/LPVr/ATVr),2
241,52.7,F ,no,no,no,no,yes,no ,Other / no data,no formal education,1-no ,no,yes,married/cohabiting,no,24,Other / no data,1,1,32,36,1164,377,724,3TC-TDF-(NVP/EFV/AZT/LPVr/ATVr),1
242,32.6,F ,no,no,no,no,no,no ,Acholi,completed senior six,1-no ,no,yes,single,no,14,Acholi,1,1,37,39,157,157,,3TC-TDF-(NVP/EFV/AZT/LPVr/ATVr),1
244,12.9,m,no,no,no,no,no,don't know / no data,Acholi,completed primary school,1-no ,no,yes,single,no,110,3TC-TDF-(NVP/EFV/AZT/LPVr/ATVr),1,1,16,34,537,284,60,3TC-AZT-(NVP/EFV/LPVr/ATVr),3TC-TDF-(NVP/EFV/AZT/LPVr/ATVr)
246,54.7,m,no,no,no,no,no,no ,Acholi,qualification afther senior six,2-yes ,yes,yes,married/cohabiting,yes,173,3TC-TDF-(NVP/EFV/AZT/LPVr/ATVr),3,2,17,24,13,13,623,3TC-AZT-(NVP/EFV/LPVr/ATVr),3TC-TDF-(NVP/EFV/AZT/LPVr/ATVr)
247,36.9,F ,no,no,no,no,no,no ,Acholi,no formal education,1-no ,no,yes,married/cohabiting,no,97,3TC-TDF-(NVP/EFV/AZT/LPVr/ATVr),4,2,15,20,266,327,398,FTC-TDF-(NVP/EFV/LPVr),3TC-TDF-(NVP/EFV/AZT/LPVr/ATVr)
248,45.4,F ,no,no,no,yes ,no,no ,Acholi,completed primary school,1-no ,no,yes,divorced/separated,no,20,Acholi,2,1,30,36,346,476,515,3TC-TDF-(NVP/EFV/AZT/LPVr/ATVr),2
249,41.4,F ,no,yes,no,yes ,no,no ,Acholi,no formal education,1-no ,no,yes,widow/widowed,yes,98,3TC-TDF-(NVP/EFV/AZT/LPVr/ATVr),3,2,33,35,536,273,811,FTC-TDF-(NVP/EFV/LPVr),3TC-TDF-(NVP/EFV/AZT/LPVr/ATVr)
250,52.0,F ,no,no,no,no,no,no ,Acholi,completed primary school,2-yes ,no,yes,married/cohabiting,no,119,3TC-TDF-(NVP/EFV/AZT/LPVr/ATVr),2,1,17,21,217,217,107,FTC-TDF-(NVP/EFV/LPVr),3TC-TDF-(NVP/EFV/AZT/LPVr/ATVr)
251,46.5,F ,no,no,no,no,no,no ,Acholi,qualification afther senior six,1-no ,no,yes,married/cohabiting,no,65,3TC-TDF-(NVP/EFV/AZT/LPVr/ATVr),2,2,34,33,349,767,1618,FTC-TDF-(NVP/EFV/LPVr),3TC-TDF-(NVP/EFV/AZT/LPVr/ATVr)
252,31.2,F ,no,no,no,yes ,no,no ,Acholi,completed primary school,1-no ,no,yes,married/cohabiting,no,28,Acholi,1,1,19,18,457,161,325,3TC-TDF-(NVP/EFV/AZT/LPVr/ATVr),1
253,11.9,m,no,yes,no,yes ,no,don't know / no data,Acholi,no formal education,1-no ,no,yes,No data,no,72,3TC-AZT-(NVP/EFV/LPVr/ATVr),3,2,19,26,607,504,766,3TC-D4T-(NVP/EFV/LPVr),3TC-AZT-(NVP/EFV/LPVr/ATVr)
254,36.9,m,no,no,no,yes ,no,no ,Acholi,completed primary school,1-no ,no,yes,married/cohabiting,yes,29,Acholi,1,1,19,27,252,252,503,3TC-TDF-(NVP/EFV/AZT/LPVr/ATVr),1
255,37.6,F ,no,no,no,no,no,no ,Acholi,completed primary school,1-no ,no,yes,married/cohabiting,no,63,Acholi,1,1,99,98,144,144,228,3TC-TDF-(NVP/EFV/AZT/LPVr/ATVr),1
256,49.0,m,no,no,no,no,no,no ,Acholi,completed primary school,1-no ,no,yes,married/cohabiting,yes,135,3TC-TDF-(NVP/EFV/AZT/LPVr/ATVr),3,1,23,31,230,230,405,FTC-TDF-(NVP/EFV/LPVr),3TC-TDF-(NVP/EFV/AZT/LPVr/ATVr)
258,33.9,F ,no,no,no,yes ,no,no ,Acholi,no formal education,1-no ,no,yes,married/cohabiting,no,33,Acholi,1,1,25,30,436,436,665,3TC-TDF-(NVP/EFV/AZT/LPVr/ATVr),1
259,36.4,m,no,no,no,no,no,no ,Acholi,completed primary school,1-no ,no,yes,married/cohabiting,yes,33,Acholi,2,1,68,83,175,175,402,3TC-TDF-(NVP/EFV/AZT/LPVr/ATVr),2
260,41.8,F ,no,no,no,no,no,no ,Acholi,completed primary school,1-no ,no,yes,married/cohabiting,yes,38,3TC-TDF-(NVP/EFV/AZT/LPVr/ATVr),2,1,26,29,52,52,282,3TC-TDF-(NVP/EFV/AZT/LPVr/ATVr),3TC-TDF-(NVP/EFV/AZT/LPVr/ATVr)
261,57.4,m,no,no,no,no,no,no ,Acholi,completed primary school,1-no ,no,yes,married/cohabiting,no,3,Acholi,2,2,36,43,,207,297,3TC-TDF-(NVP/EFV/AZT/LPVr/ATVr),2
262,36.6,F ,no,no,no,yes ,no,no ,Acholi,no formal education,1-no ,no,yes,divorced/separated,no,119,3TC-TDF-(NVP/EFV/AZT/LPVr/ATVr),1,1,14,25,168,168,1066,FTC-TDF-(NVP/EFV/LPVr),3TC-TDF-(NVP/EFV/AZT/LPVr/ATVr)
263,43.5,F ,no,yes,no,no,no,no ,Acholi,completed primary school,1-no ,no,yes,widow/widowed,no,96,3TC-TDF-(NVP/EFV/AZT/LPVr/ATVr),2,2,15,21,307,29,725,FTC-TDF-(NVP/EFV/LPVr),3TC-TDF-(NVP/EFV/AZT/LPVr/ATVr)
264,,F ,no,no,no,yes ,no,don't know / no data,Acholi,no formal education,1-no ,no,yes,widow/widowed,yes,65,Acholi,2,2,19,38,345,220,272,3TC-TDF-(NVP/EFV/AZT/LPVr/ATVr),2
265,43.9,F ,no,no,no,yes ,no,no ,Acholi,no formal education,1-no ,no,yes,widow/widowed,no,96,3TC-TDF-(NVP/EFV/AZT/LPVr/ATVr),3,1,44,52,,138,202,FTC-TDF-(NVP/EFV/LPVr),3TC-TDF-(NVP/EFV/AZT/LPVr/ATVr)
266,30.4,F ,no,yes,no,yes ,no,no ,Acholi,completed senior four,1-no ,no,yes,married/cohabiting,no,26,Acholi,4,1,54,56,11,11,263,3TC-TDF-(NVP/EFV/AZT/LPVr/ATVr),4
267,51.9,F ,no,no,no,yes ,no,no ,Acholi,no formal education,1-no ,no,yes,widow/widowed,no,100,3TC-TDF-(NVP/EFV/AZT/LPVr/ATVr),3,1,44,54,,269,632,FTC-TDF-(NVP/EFV/LPVr),3TC-TDF-(NVP/EFV/AZT/LPVr/ATVr)
268,40.5,m,no,no,no,yes ,no,don't know / no data,Acholi,completed primary school,1-no ,no,yes,divorced/separated,no,30,Acholi,2,1,43,47,316,202,256,3TC-TDF-(NVP/EFV/AZT/LPVr/ATVr),2
269,39.9,m,no,no,no,yes ,no,no ,Acholi,no formal education,1-no ,no,yes,married/cohabiting,yes,53,3TC-TDF-(NVP/EFV/AZT/LPVr/ATVr),3,1,72,79,95,122,328,FTC-TDF-(NVP/EFV/LPVr),3TC-TDF-(NVP/EFV/AZT/LPVr/ATVr)
270,33.4,F ,no,no,no,yes ,no,no ,Acholi,no formal education,1-no ,no,yes,married/cohabiting,yes,26,Acholi,1,1,45,51,631,427,586,3TC-TDF-(NVP/EFV/AZT/LPVr/ATVr),1
271,46.3,m,no,no,no,yes ,no,no ,Acholi,completed primary school,1-no ,no,yes,widow/widowed,no,71,Acholi,1,1,31,41,333,322,166,3TC-TDF-(NVP/EFV/AZT/LPVr/ATVr),1
272,38.9,F ,no,yes,no,yes ,no,no ,Acholi,no formal education,1-no ,no,yes,married/cohabiting,yes,29,Acholi,1,1,28,30,274,274,237,3TC-TDF-(NVP/EFV/AZT/LPVr/ATVr),1
273,36.5,m,no,no,no,no,no,no ,Acholi,completed primary school,1-no ,no,yes,married/cohabiting,yes,24,Acholi,2,1,52,49,93,93,579,3TC-TDF-(NVP/EFV/AZT/LPVr/ATVr),2
274,51.6,F ,no,no,no,yes ,no,no ,Acholi,completed primary school,1-no ,no,yes,married/cohabiting,yes,84,3TC-TDF-(NVP/EFV/AZT/LPVr/ATVr),4,no data,28,28,139,139,450,3TC-TDF-(NVP/EFV/AZT/LPVr/ATVr),3TC-TDF-(NVP/EFV/AZT/LPVr/ATVr)
275,50.1,F ,no,no,no,no,no,no ,Acholi,completed primary school,1-no ,no,yes,married/cohabiting,no,118,Acholi,3,3,58,45,141,141,1134,3TC-AZT-(NVP/EFV/LPVr/ATVr),3
276,38.9,F ,no,no,no,yes ,no,no ,Acholi,completed senior four,1-no ,no,yes,divorced/separated,no,102,3TC-TDF-(NVP/EFV/AZT/LPVr/ATVr),3,2,26,28,175,175,457,FTC-TDF-(NVP/EFV/LPVr),3TC-TDF-(NVP/EFV/AZT/LPVr/ATVr)
277,42.9,F ,no,no,no,no,no,no ,Acholi,no formal education,1-no ,no,yes,married/cohabiting,yes,105,3TC-TDF-(NVP/EFV/AZT/LPVr/ATVr),2,1,36,34,233,233,633,FTC-TDF-(NVP/EFV/LPVr),3TC-TDF-(NVP/EFV/AZT/LPVr/ATVr)
278,48.4,F ,no,no,no,yes ,no,no ,Acholi,completed primary school,1-no ,no,yes,married/cohabiting,yes,33,Acholi,1,2,54,57,819,782,750,3TC-TDF-(NVP/EFV/AZT/LPVr/ATVr),1
279,47.9,F ,no,no,no,yes ,no,don't know / no data,Acholi,no formal education,1-no ,no,yes,married/cohabiting,no,11,Acholi,2,1,28,40,410,265,327,3TC-TDF-(NVP/EFV/AZT/LPVr/ATVr),2
280,56.1,F ,no,yes,no,no,no,no ,Acholi,completed senior four,1-no ,no,yes,widow/widowed,yes,119,3TC-AZT-(NVP/EFV/LPVr/ATVr),3,2,51,54,587,587,509,FTC-TDF-(NVP/EFV/LPVr),3TC-AZT-(NVP/EFV/LPVr/ATVr)
281,34.8,F ,no,no,no,no,no,no ,Acholi,no formal education,1-no ,no,yes,married/cohabiting,yes,49,Acholi,no data,1,30,30,321,251,617,3TC-TDF-(NVP/EFV/AZT/LPVr/ATVr),no data
282,44.9,F ,no,no,no,yes ,no,no ,Acholi,no formal education,1-no ,no,yes,widow/widowed,yes,117,3TC-TDF-(NVP/EFV/AZT/LPVr/ATVr),3,1,16,18,8,8,309,FTC-TDF-(NVP/EFV/LPVr),3TC-TDF-(NVP/EFV/AZT/LPVr/ATVr)
283,31.7,F ,no,no,no,no,no,no ,Acholi,completed primary school,1-no ,no,yes,married/cohabiting,no,49,3TC-TDF-(NVP/EFV/AZT/LPVr/ATVr),2,2,22,26,277,277,547,FTC-TDF-(NVP/EFV/LPVr),3TC-TDF-(NVP/EFV/AZT/LPVr/ATVr)
284,53.4,F ,no,no,no,yes ,no,no ,Acholi,no formal education,1-no ,no,yes,widow/widowed,no,128,3TC-TDF-(NVP/EFV/AZT/LPVr/ATVr),3,1,33,23,277,247,469,FTC-TDF-(NVP/EFV/LPVr),3TC-TDF-(NVP/EFV/AZT/LPVr/ATVr)
285,33.4,F ,no,no,no,no,no,no ,Acholi,qualification afther senior six,1-no ,no,yes,married/cohabiting,no,25,Acholi,1,1,27,36,579,196,846,3TC-TDF-(NVP/EFV/AZT/LPVr/ATVr),1
286,41.1,F ,no,no,no,yes ,no,don't know / no data,Acholi,no formal education,1-no ,no,yes,widow/widowed,no,72,Acholi,2,2,29,32,,304,961,3TC-TDF-(NVP/EFV/AZT/LPVr/ATVr),2
287,40.9,F ,no,no,no,yes ,no,no ,Acholi,no formal education,1-no ,no,yes,married/cohabiting,yes,133,3TC-TDF-(NVP/EFV/AZT/LPVr/ATVr),2,1,27,39,117,117,647,FTC-TDF-(NVP/EFV/LPVr),3TC-TDF-(NVP/EFV/AZT/LPVr/ATVr)
288,45.1,F ,no,no,no,yes ,no,don't know / no data,Acholi,no formal education,3-don't know / no data,no,yes,divorced/separated,yes,74,Acholi,2,2,34,39,416,162,86,3TC-TDF-(NVP/EFV/AZT/LPVr/ATVr),2
290,47.9,F ,no,no,no,yes ,no,don't know / no data,Acholi,no formal education,1-no ,no,yes,widow/widowed,yes,98,3TC-TDF-(NVP/EFV/AZT/LPVr/ATVr),2,2,42,37,975,289,902,FTC-TDF-(NVP/EFV/LPVr),3TC-TDF-(NVP/EFV/AZT/LPVr/ATVr)
291,72.8,m,no,yes,no,no,no,no ,Lango,completed primary school,3-don't know / no data,no,yes,married/cohabiting,yes,107,3TC-TDF-(NVP/EFV/AZT/LPVr/ATVr),1,1,152,243,367,216,339,FTC-TDF-(NVP/EFV/LPVr),3TC-TDF-(NVP/EFV/AZT/LPVr/ATVr)
292,62.4,F ,no,no,no,no,no,no ,Acholi,no formal education,1-no ,no,yes,widow/widowed,yes,70,Acholi,1,1,36,36,262,262,632,3TC-TDF-(NVP/EFV/AZT/LPVr/ATVr),1
293,43.9,m,no,no,no,no,no,don't know / no data,Acholi,qualification afther senior six,3-don't know / no data,no,yes,married/cohabiting,no,43,Acholi,2,1,41,55,432,268,391,3TC-TDF-(NVP/EFV/AZT/LPVr/ATVr),2
294,47.9,F ,no,no,no,no,no,no ,Acholi,no formal education,1-no ,no,yes,widow/widowed,no,36,Acholi,1,1,35,36,344,344,567,3TC-TDF-(NVP/EFV/AZT/LPVr/ATVr),1
295,31.8,F ,no,no,no,no,no,no ,Acholi,completed primary school,1-no ,no,yes,married/cohabiting,yes,55,Acholi,1,2,15,19,409,409,883,3TC-TDF-(NVP/EFV/AZT/LPVr/ATVr),1
296,27.9,F ,no,yes,no,no,no,no ,Acholi,no formal education,1-no ,no,yes,married/cohabiting,yes,74,Acholi,no data,1,27,33,,,,3TC-AZT-(NVP/EFV/LPVr/ATVr),no data
297,48.9,F ,no,no,yes,yes ,no,no ,Acholi,no formal education,1-no ,no,yes,widow/widowed,no,41,Acholi,1,1,39,43,689,689,525,3TC-TDF-(NVP/EFV/AZT/LPVr/ATVr),1
298,41.8,F ,no,no,no,no,no,no ,Acholi,completed primary school,1-no ,no,yes,widow/widowed,no,89,3TC-TDF-(NVP/EFV/AZT/LPVr/ATVr),3,2,65,50,,235,905,FTC-TDF-(NVP/EFV/LPVr),3TC-TDF-(NVP/EFV/AZT/LPVr/ATVr)
299,44.0,m,no,no,no,no,no,no ,Acholi,no formal education,1-no ,no,yes,married/cohabiting,no,117,3TC-TDF-(NVP/EFV/AZT/LPVr/ATVr),3,2,31,29,200,200,343,FTC-TDF-(NVP/EFV/LPVr),3TC-TDF-(NVP/EFV/AZT/LPVr/ATVr)
300,44.9,F ,no,no,no,no,no,no ,Acholi,no formal education,1-no ,no,yes,widow/widowed,no,123,3TC-TDF-(NVP/EFV/AZT/LPVr/ATVr),1,2,36,39,256,26,939,FTC-TDF-(NVP/EFV/LPVr),3TC-TDF-(NVP/EFV/AZT/LPVr/ATVr)
301,53.0,F ,no,no,no,yes ,no,no ,Acholi,no formal education,1-no ,no,yes,widow/widowed,yes,39,Acholi,2,1,32,34,79,197,302,3TC-TDF-(NVP/EFV/AZT/LPVr/ATVr),2
302,34.4,F ,no,no,no,yes ,no,no ,Acholi,no formal education,1-no ,no,yes,married/cohabiting,no,25,Acholi,2,1,40,38,529,371,,3TC-TDF-(NVP/EFV/AZT/LPVr/ATVr),2
303,64.1,m,no,yes,yes,no,no,don't know / no data,Acholi,completed senior six,3-don't know / no data,no,yes,married/cohabiting,yes,157,3TC-TDF-(NVP/EFV/AZT/LPVr/ATVr),no data,2,36,44,,,899,Other,3TC-TDF-(NVP/EFV/AZT/LPVr/ATVr)
304,52.2,F ,no,no,yes,yes ,no,don't know / no data,Acholi,completed primary school,1-no ,no,yes,married/cohabiting,yes,53,3TC-TDF-(NVP/EFV/AZT/LPVr/ATVr),2,2,42,42,338,280,262,FTC-TDF-(NVP/EFV/LPVr),3TC-TDF-(NVP/EFV/AZT/LPVr/ATVr)
305,37.4,F ,no,no,yes,yes ,no,no ,Acholi,no formal education,2-yes ,no,yes,married/cohabiting,no,66,3TC-TDF-(NVP/EFV/AZT/LPVr/ATVr),1,1,36,30,698,344,614,FTC-TDF-(NVP/EFV/LPVr),3TC-TDF-(NVP/EFV/AZT/LPVr/ATVr)
306,49.2,F ,no,no,no,no,no,no ,Acholi,completed primary school,1-no ,no,yes,married/cohabiting,no,98,3TC-TDF-(NVP/EFV/AZT/LPVr/ATVr),3,1,108,203,293,310,1080,FTC-TDF-(NVP/EFV/LPVr),3TC-TDF-(NVP/EFV/AZT/LPVr/ATVr)
307,54.2,m,no,no,no,no,no,don't know / no data,Lango,completed senior four,1-no ,no,yes,married/cohabiting,no,119,3TC-TDF-(NVP/EFV/AZT/LPVr/ATVr),3,2,25,32,,195,304,FTC-TDF-(NVP/EFV/LPVr),3TC-TDF-(NVP/EFV/AZT/LPVr/ATVr)
308,69.9,F ,no,no,yes,yes ,no,no ,Acholi,no formal education,1-no ,no,yes,widow/widowed,no,128,Acholi,3,1,49,58,135,135,258,3TC-TDF-(NVP/EFV/AZT/LPVr/ATVr),3
310,36.2,m,no,no,yes,no,no,don't know / no data,Acholi,no formal education,1-no ,no,yes,No data,no,18,3TC-TDF-(NVP/EFV/AZT/LPVr/ATVr),3,1,76,115,414,414,365,3TC-AZT-(NVP/EFV/LPVr/ATVr),3TC-TDF-(NVP/EFV/AZT/LPVr/ATVr)
311,44.4,F ,no,no,yes,yes ,no,no ,Acholi,no formal education,1-no ,no,yes,widow/widowed,yes,60,Acholi,2,1,52,46,264,264,550,3TC-TDF-(NVP/EFV/AZT/LPVr/ATVr),2
312,37.2,m,no,no,no,no,yes,no ,Acholi,completed primary school,1-no ,yes,yes,married/cohabiting,no,82,Acholi,1,1,26,37,261,261,389,3TC-TDF-(NVP/EFV/AZT/LPVr/ATVr),1
313,36.5,m,no,no,no,no,yes,no ,Acholi,completed primary school,1-no ,no,yes,married/cohabiting,no,98,3TC-TDF-(NVP/EFV/AZT/LPVr/ATVr),3,1,45,44,201,201,648,FTC-TDF-(NVP/EFV/LPVr),3TC-TDF-(NVP/EFV/AZT/LPVr/ATVr)
314,35.8,F ,no,no,no,yes ,yes,don't know / no data,Acholi,completed primary school,1-no ,no,yes,married/cohabiting,no,70,Acholi,1,1,14,31,368,234,874,3TC-TDF-(NVP/EFV/AZT/LPVr/ATVr),1
315,31.4,F ,no,no,no,no,yes,don't know / no data,Acholi,completed primary school,1-no ,no,yes,divorced/separated,no,47,3TC-TDF-(NVP/EFV/AZT/LPVr/ATVr),2,1,,,301,301,457,3TC-TDF-(NVP/EFV/AZT/LPVr/ATVr),3TC-TDF-(NVP/EFV/AZT/LPVr/ATVr)
316,38.1,F ,no,no,no,yes ,yes,no ,Acholi,no formal education,1-no ,no,yes,married/cohabiting,no,19,Acholi,no data,no data,27,22,,364,434,3TC-AZT-(NVP/EFV/LPVr/ATVr),no data
317,40.4,F ,no,no,no,no,no,no ,Acholi,no formal education,1-no ,no,yes,married/cohabiting,no,128,3TC-TDF-(NVP/EFV/AZT/LPVr/ATVr),2,1,27,33,136,136,213,FTC-TDF-(NVP/EFV/LPVr),3TC-TDF-(NVP/EFV/AZT/LPVr/ATVr)
318,43.8,m,no,no,no,no,no,no ,Acholi,no formal education,1-no ,no,yes,married/cohabiting,no,139,3TC-TDF-(NVP/EFV/AZT/LPVr/ATVr),4,1,47,42,3,3,228,FTC-TDF-(NVP/EFV/LPVr),3TC-TDF-(NVP/EFV/AZT/LPVr/ATVr)
319,51.5,F ,no,no,no,yes ,no,don't know / no data,Acholi,completed primary school,1-no ,no,yes,widow/widowed,yes,25,Acholi,1,2,,,935,394,855,3TC-AZT-(NVP/EFV/LPVr/ATVr),1
320,29.1,m,no,no,yes,yes ,no,don't know / no data,Acholi,completed primary school,1-no ,no,yes,married/cohabiting,no,30,Acholi,3,1,,,57,57,296,3TC-TDF-(NVP/EFV/AZT/LPVr/ATVr),3
321,53.7,F ,no,no,no,yes ,no,don't know / no data,Acholi,no formal education,3-don't know / no data,no,yes,widow/widowed,yes,69,3TC-TDF-(NVP/EFV/AZT/LPVr/ATVr),1,1,16,25,194,194,167,FTC-TDF-(NVP/EFV/LPVr),3TC-TDF-(NVP/EFV/AZT/LPVr/ATVr)
322,29.0,m,no,no,no,no,no,don't know / no data,Acholi,completed primary school,3-don't know / no data,yes,yes,divorced/separated,no,5,3TC-TDF-(NVP/EFV/AZT/LPVr/ATVr),1,1,31,45,931,931,931,3TC-TDF-(NVP/EFV/AZT/LPVr/ATVr),3TC-TDF-(NVP/EFV/AZT/LPVr/ATVr)
323,53.0,F ,no,yes,no,yes ,no,don't know / no data,Acholi,no formal education,1-no ,no,yes,widow/widowed,yes,36,Acholi,1,1,,,374,304,382,3TC-TDF-(NVP/EFV/AZT/LPVr/ATVr),1
324,39.8,F ,no,no,no,yes ,no,don't know / no data,Acholi,no formal education,3-don't know / no data,no,yes,widow/widowed,no,84,Acholi,2,2,,,383,304,289,3TC-TDF-(NVP/EFV/AZT/LPVr/ATVr),2
325,51.0,m,no,no,yes,yes ,no,don't know / no data,Acholi,no formal education,2-yes ,no,yes,married/cohabiting,no,31,Acholi,1,2,15,48,300,300,395,3TC-TDF-(NVP/EFV/AZT/LPVr/ATVr),1
326,43.0,F ,no,yes,no,no,no,don't know / no data,Acholi,no formal education,1-no ,no,yes,divorced/separated,no,72,3TC-TDF-(NVP/EFV/AZT/LPVr/ATVr),2,1,23,31,456,456,1772,3TC-TDF-(NVP/EFV/AZT/LPVr/ATVr),3TC-TDF-(NVP/EFV/AZT/LPVr/ATVr)
327,66.2,F ,no,yes,no,yes ,no,don't know / no data,Acholi,No data,3-don't know / no data,no,yes,married/cohabiting,no,31,Acholi,2,2,32,37,176,176,505,3TC-TDF-(NVP/EFV/AZT/LPVr/ATVr),2
329,55.3,F ,no,no,no,yes ,no,no ,Acholi,no formal education,1-no ,no,yes,married/cohabiting,yes,65,3TC-TDF-(NVP/EFV/AZT/LPVr/ATVr),1,2,,,93,93,479,FTC-TDF-(NVP/EFV/LPVr),3TC-TDF-(NVP/EFV/AZT/LPVr/ATVr)
330,61.2,F ,no,no,no,no,no,no ,Acholi,no formal education,1-no ,no,yes,widow/widowed,no,43,3TC-TDF-(NVP/EFV/AZT/LPVr/ATVr),2,1,,,411,277,624,3TC-TDF-(NVP/EFV/AZT/LPVr/ATVr),3TC-TDF-(NVP/EFV/AZT/LPVr/ATVr)
331,37.4,F ,no,no,no,no,no,don't know / no data,Acholi,completed primary school,1-no ,no,yes,married/cohabiting,no,137,3TC-TDF-(NVP/EFV/AZT/LPVr/ATVr),1,1,21,31,10,10,670,3TC-TDF-(NVP/EFV/AZT/LPVr/ATVr),3TC-TDF-(NVP/EFV/AZT/LPVr/ATVr)
332,15.2,F ,no,no,no,yes ,no,don't know / no data,Acholi,No data,3-don't know / no data,no,yes,No data,no,111,Acholi,2,1,35,45,840,840,1109,3TC-AZT-(NVP/EFV/LPVr/ATVr),2
333,55.2,F ,no,no,no,yes ,no,don't know / no data,Acholi,no formal education,3-don't know / no data,no,yes,divorced/separated,no,89,3TC-TDF-(NVP/EFV/AZT/LPVr/ATVr),3,2,45,43,506,467,553,FTC-TDF-(NVP/EFV/LPVr),3TC-TDF-(NVP/EFV/AZT/LPVr/ATVr)
334,15.5,m,no,no,no,yes ,no,no ,Acholi,no formal education,3-don't know / no data,no,yes,No data,no,100,Acholi,3,1,26,32,600,391,,3TC-AZT-(NVP/EFV/LPVr/ATVr),3
335,33.1,F ,no,no,no,yes ,no,don't know / no data,Lango,no formal education,3-don't know / no data,no,yes,married/cohabiting,no,23,Lango,2,1,28,27,383,383,816,3TC-TDF-(NVP/EFV/AZT/LPVr/ATVr),2
336,56.2,F ,no,no,no,yes ,no,no ,Acholi,no formal education,1-no ,no,yes,divorced/separated,no,141,3TC-TDF-(NVP/EFV/AZT/LPVr/ATVr),2,1,26,34,92,92,426,FTC-TDF-(NVP/EFV/LPVr),3TC-TDF-(NVP/EFV/AZT/LPVr/ATVr)
337,61.6,m,no,no,no,yes ,no,no ,Other / no data,No data,1-no ,no,yes,divorced/separated,yes,51,Other / no data,4,4,21,40,479,479,342,3TC-TDF-(NVP/EFV/AZT/LPVr/ATVr),4
338,48.0,F ,no,yes,no,yes ,no,don't know / no data,Lango,completed senior four,3-don't know / no data,yes,yes,married/cohabiting,no,110,3TC-TDF-(NVP/EFV/AZT/LPVr/ATVr),3,1,38,35,253,229,380,FTC-TDF-(NVP/EFV/LPVr),3TC-TDF-(NVP/EFV/AZT/LPVr/ATVr)
339,52.6,F ,no,no,no,no,no,no ,Acholi,completed primary school,1-no ,no,yes,divorced/separated,no,119,3TC-TDF-(NVP/EFV/AZT/LPVr/ATVr),no data,2,42,60,,143,335,FTC-TDF-(NVP/EFV/LPVr),3TC-TDF-(NVP/EFV/AZT/LPVr/ATVr)
340,42.4,m,no,no,yes,no,no,no ,Acholi,no formal education,3-don't know / no data,no,yes,widow/widowed,no,73,Acholi,1,1,47,62,321,321,666,3TC-TDF-(NVP/EFV/AZT/LPVr/ATVr),1
341,45.5,F ,no,no,yes,yes ,yes,no ,Acholi,completed primary school,2-yes ,no,yes,married/cohabiting,yes,83,Acholi,2,1,29,34,,274,456,3TC-TDF-(NVP/EFV/AZT/LPVr/ATVr),2
342,39.7,F ,no,no,no,yes ,yes,don't know / no data,Acholi,qualification afther senior six,2-yes ,no,yes,widow/widowed,yes,26,Acholi,2,2,38,40,663,449,645,3TC-TDF-(NVP/EFV/AZT/LPVr/ATVr),2
343,44.7,m,no,no,no,no,no,don't know / no data,Acholi,completed senior four,1-no ,no,yes,married/cohabiting,no,39,Acholi,2,1,30,51,296,296,686,3TC-TDF-(NVP/EFV/AZT/LPVr/ATVr),2
344,41.9,F ,no,no,no,no,no,no ,Acholi,completed senior four,1-no ,no,yes,divorced/separated,no,100,3TC-TDF-(NVP/EFV/AZT/LPVr/ATVr),3,1,29,35,9,9,541,FTC-TDF-(NVP/EFV/LPVr),3TC-TDF-(NVP/EFV/AZT/LPVr/ATVr)
346,57.5,F ,no,no,no,yes ,no,no ,Acholi,no formal education,1-no ,no,yes,married/cohabiting,no,103,3TC-TDF-(NVP/EFV/AZT/LPVr/ATVr),2,1,25,34,202,202,335,FTC-TDF-(NVP/EFV/LPVr),3TC-TDF-(NVP/EFV/AZT/LPVr/ATVr)
347,38.9,F ,no,no,no,no,no,don't know / no data,Other / no data,no formal education,1-no ,no,yes,married/cohabiting,no,111,Other / no data,2,2,32,50,149,149,380,3TC-TDF-(NVP/EFV/AZT/LPVr/ATVr),2
348,56.8,F ,no,no,no,no,yes,no ,Acholi,completed primary school,1-no ,no,yes,widow/widowed,no,141,3TC-TDF-(NVP/EFV/AZT/LPVr/ATVr),3,1,27,43,,209,622,FTC-TDF-(NVP/EFV/LPVr),3TC-TDF-(NVP/EFV/AZT/LPVr/ATVr)
349,45.6,m,no,no,no,no,yes,don't know / no data,Acholi,completed primary school,3-don't know / no data,no,yes,widow/widowed,no,72,3TC-TDF-(NVP/EFV/AZT/LPVr/ATVr),no data,1,32,49,633,416,403,3TC-TDF-(NVP/EFV/AZT/LPVr/ATVr),3TC-TDF-(NVP/EFV/AZT/LPVr/ATVr)
350,42.5,F ,no,no,no,yes ,no,don't know / no data,Acholi,no formal education,3-don't know / no data,no,yes,married/cohabiting,no,117,3TC-TDF-(NVP/EFV/AZT/LPVr/ATVr),3,1,29,36,,,605,FTC-TDF-(NVP/EFV/LPVr),3TC-TDF-(NVP/EFV/AZT/LPVr/ATVr)
351,64.0,F ,no,no,no,no,no,no ,Acholi,no formal education,1-no ,no,yes,widow/widowed,no,88,Acholi,1,1,18,31,,307,625,3TC-TDF-(NVP/EFV/AZT/LPVr/ATVr),1
352,56.6,m,no,no,no,no,yes,don't know / no data,Acholi,completed senior four,3-don't know / no data,no,yes,married/cohabiting,no,54,Acholi,3,1,41,45,48,48,136,3TC-TDF-(NVP/EFV/AZT/LPVr/ATVr),3
353,32.2,F ,no,no,no,no,no,no ,Acholi,no formal education,1-no ,no,yes,married/cohabiting,no,56,3TC-TDF-(NVP/EFV/AZT/LPVr/ATVr),1,1,38,39,737,901,385,Other,3TC-TDF-(NVP/EFV/AZT/LPVr/ATVr)
354,48.0,F ,no,yes,no,no,no,don't know / no data,Acholi,completed primary school,1-no ,no,yes,married/cohabiting,no,125,3TC-TDF-(NVP/EFV/AZT/LPVr/ATVr),3,2,74,62,142,142,148,3TC-AZT-(NVP/EFV/LPVr/ATVr),3TC-TDF-(NVP/EFV/AZT/LPVr/ATVr)
355,47.3,F ,no,no,no,no,no,don't know / no data,Acholi,no formal education,1-no ,no,yes,married/cohabiting,no,100,Acholi,3,3,31,40,230,230,459,3TC-TDF-(NVP/EFV/AZT/LPVr/ATVr),3
356,28.7,m,no,no,no,no,no,don't know / no data,Acholi,completed senior six,1-no ,no,yes,single,no,71,Acholi,2,1,26,37,106,106,229,3TC-TDF-(NVP/EFV/AZT/LPVr/ATVr),2
357,50.4,m,no,no,no,yes ,yes,don't know / no data,Acholi,completed senior four,1-no ,no,yes,married/cohabiting,no,44,Acholi,3,2,41,50,610,90,487,3TC-TDF-(NVP/EFV/AZT/LPVr/ATVr),3
358,38.3,F ,no,no,no,yes ,no,no ,Acholi,no formal education,1-no ,no,yes,married/cohabiting,no,40,3TC-AZT-(NVP/EFV/LPVr/ATVr),3,1,35,44,11,11,293,3TC-TDF-(NVP/EFV/AZT/LPVr/ATVr),3TC-AZT-(NVP/EFV/LPVr/ATVr)
359,47.4,F ,no,no,no,yes ,no,don't know / no data,Acholi,completed primary school,2-yes ,no,yes,widow/widowed,no,122,3TC-TDF-(NVP/EFV/AZT/LPVr/ATVr),4,2,72,47,389,389,617,FTC-TDF-(NVP/EFV/LPVr),3TC-TDF-(NVP/EFV/AZT/LPVr/ATVr)
360,33.9,F ,no,no,yes,yes ,no,no ,Acholi,no formal education,2-yes ,no,yes,married/cohabiting,yes,56,Acholi,2,1,61,49,524,524,,3TC-TDF-(NVP/EFV/AZT/LPVr/ATVr),2
361,33.4,m,no,no,yes,yes ,no,no ,Acholi,completed senior four,3-don't know / no data,no,yes,married/cohabiting,no,3,Other,1,1,28,46,78,78,168,Other,Other
362,27.0,F ,no,no,yes,yes ,no,don't know / no data,Acholi,no formal education,1-no ,no,yes,married/cohabiting,no,37,Acholi,1,2,27,47,195,195,381,3TC-TDF-(NVP/EFV/AZT/LPVr/ATVr),1
363,37.6,m,no,no,no,yes ,no,don't know / no data,Acholi,no formal education,3-don't know / no data,no,yes,married/cohabiting,no,65,Acholi,1,1,22,39,277,277,469,3TC-TDF-(NVP/EFV/AZT/LPVr/ATVr),1
364,41.0,F ,no,no,no,yes ,no,no ,Acholi,no formal education,1-no ,no,yes,married/cohabiting,no,139,3TC-TDF-(NVP/EFV/AZT/LPVr/ATVr),1,2,24,32,109,109,318,FTC-TDF-(NVP/EFV/LPVr),3TC-TDF-(NVP/EFV/AZT/LPVr/ATVr)
365,47.6,F ,no,no,no,yes ,no,no ,Acholi,no formal education,1-no ,no,yes,married/cohabiting,no,66,Acholi,2,1,203,362,197,197,432,3TC-TDF-(NVP/EFV/AZT/LPVr/ATVr),2
366,47.9,F ,no,no,no,no,no,don't know / no data,Acholi,no formal education,1-no ,no,yes,married/cohabiting,no,65,3TC-TDF-(NVP/EFV/AZT/LPVr/ATVr),2,2,37,46,455,197,957,FTC-TDF-(NVP/EFV/LPVr),3TC-TDF-(NVP/EFV/AZT/LPVr/ATVr)
367,47.1,F ,no,yes,no,no,no,no ,Acholi,completed senior four,1-no ,no,yes,married/cohabiting,no,73,Acholi,2,1,21,39,479,322,364,3TC-TDF-(NVP/EFV/AZT/LPVr/ATVr),2
368,19.8,F ,no,no,no,yes ,no,no ,Acholi,no formal education,1-no ,no,yes,married/cohabiting,no,16,Acholi,1,1,21,34,498,498,594,3TC-TDF-(NVP/EFV/AZT/LPVr/ATVr),1
369,48.5,F ,no,yes,yes,no,no,no ,Acholi,No data,1-no ,no,yes,married/cohabiting,no,132,3TC-TDF-(NVP/EFV/AZT/LPVr/ATVr),2,1,29,36,168,168,576,FTC-TDF-(NVP/EFV/LPVr),3TC-TDF-(NVP/EFV/AZT/LPVr/ATVr)
370,47.1,F ,no,no,no,yes ,no,don't know / no data,Acholi,no formal education,3-don't know / no data,no,yes,married/cohabiting,no,119,3TC-TDF-(NVP/EFV/AZT/LPVr/ATVr),no data,2,29,53,203,269,247,FTC-TDF-(NVP/EFV/LPVr),3TC-TDF-(NVP/EFV/AZT/LPVr/ATVr)
371,64.0,F ,no,no,no,yes ,no,don't know / no data,Acholi,completed primary school,3-don't know / no data,no,yes,widow/widowed,no,140,3TC-TDF-(NVP/EFV/AZT/LPVr/ATVr),3,3,14,23,115,115,400,3TC-D4T-(NVP/EFV/LPVr),3TC-TDF-(NVP/EFV/AZT/LPVr/ATVr)
372,48.4,F ,no,yes,no,no,no,no ,Acholi,no formal education,1-no ,no,yes,widow/widowed,no,96,3TC-TDF-(NVP/EFV/AZT/LPVr/ATVr),2,2,23,29,520,347,707,FTC-TDF-(NVP/EFV/LPVr),3TC-TDF-(NVP/EFV/AZT/LPVr/ATVr)
373,37.9,F ,no,yes,no,yes ,no,no ,Acholi,completed primary school,1-no ,no,yes,married/cohabiting,no,38,Acholi,2,1,44,45,231,231,452,3TC-TDF-(NVP/EFV/AZT/LPVr/ATVr),2
374,68.5,m,no,no,yes,yes ,no,don't know / no data,Acholi,completed primary school,3-don't know / no data,no,yes,married/cohabiting,no,101,3TC-TDF-(NVP/EFV/AZT/LPVr/ATVr),3,1,18,28,282,282,281,FTC-TDF-(NVP/EFV/LPVr),3TC-TDF-(NVP/EFV/AZT/LPVr/ATVr)
376,32.1,m,no,no,no,no,no,don't know / no data,Acholi,completed primary school,3-don't know / no data,yes,yes,married/cohabiting,no,96,3TC-TDF-(NVP/EFV/AZT/LPVr/ATVr),1,2,27,35,63,63,1006,FTC-TDF-(NVP/EFV/LPVr),3TC-TDF-(NVP/EFV/AZT/LPVr/ATVr)
377,52.6,F ,no,no,no,yes ,no,don't know / no data,Acholi,no formal education,3-don't know / no data,no,yes,divorced/separated,no,74,Acholi,2,1,29,42,266,266,577,3TC-TDF-(NVP/EFV/AZT/LPVr/ATVr),2
378,58.8,m,no,yes,no,yes ,no,no ,Acholi,completed senior four,1-no ,no,yes,married/cohabiting,no,83,3TC-TDF-(NVP/EFV/AZT/LPVr/ATVr),3,1,13,22,,165,374,Other,3TC-TDF-(NVP/EFV/AZT/LPVr/ATVr)
379,32.8,F ,no,no,no,no,no,don't know / no data,Acholi,no formal education,3-don't know / no data,no,yes,divorced/separated,no,,Acholi,1,1,32,43,406,,60,3TC-TDF-(NVP/EFV/AZT/LPVr/ATVr),1
380,47.5,m,no,no,no,yes ,no,don't know / no data,Acholi,completed primary school,3-don't know / no data,no,yes,married/cohabiting,no,21,Acholi,2,2,59,58,117,117,217,3TC-TDF-(NVP/EFV/AZT/LPVr/ATVr),2
381,34.3,F ,no,no,no,no,no,don't know / no data,Acholi,no formal education,3-don't know / no data,no,yes,divorced/separated,no,23,Acholi,2,1,31,46,565,370,607,3TC-TDF-(NVP/EFV/AZT/LPVr/ATVr),2
382,47.4,F ,no,no,no,yes ,no,don't know / no data,Acholi,no formal education,3-don't know / no data,no,yes,married/cohabiting,no,11,Acholi,2,2,27,38,138,138,204,3TC-TDF-(NVP/EFV/AZT/LPVr/ATVr),2
383,55.5,F ,no,no,no,yes ,no,don't know / no data,Acholi,completed primary school,3-don't know / no data,no,yes,married/cohabiting,no,54,3TC-TDF-(NVP/EFV/AZT/LPVr/ATVr),3,1,22,28,335,233,502,FTC-TDF-(NVP/EFV/LPVr),3TC-TDF-(NVP/EFV/AZT/LPVr/ATVr)
384,32.3,F ,no,no,yes,no,no,don't know / no data,Acholi,completed primary school,1-no ,no,yes,married/cohabiting,no,61,Acholi,1,1,36,49,231,231,540,3TC-TDF-(NVP/EFV/AZT/LPVr/ATVr),1
385,51.4,F ,no,no,no,no,no,no ,Acholi,no formal education,1-no ,no,yes,widow/widowed,no,140,3TC-TDF-(NVP/EFV/AZT/LPVr/ATVr),3,1,35,29,,9,564,FTC-TDF-(NVP/EFV/LPVr),3TC-TDF-(NVP/EFV/AZT/LPVr/ATVr)
386,37.2,F ,no,no,no,no,no,no ,Lango,no formal education,1-no ,no,yes,divorced/separated,no,20,Lango,2,1,22,42,618,354,805,3TC-TDF-(NVP/EFV/AZT/LPVr/ATVr),2
387,42.0,F ,no,no,no,yes ,no,don't know / no data,Acholi,no formal education,3-don't know / no data,no,yes,married/cohabiting,yes,65,Acholi,3,1,16,26,306,306,835,3TC-TDF-(NVP/EFV/AZT/LPVr/ATVr),3
388,44.9,F ,no,no,no,yes ,no,don't know / no data,Acholi,no formal education,1-no ,no,yes,divorced/separated,yes,121,3TC-TDF-(NVP/EFV/AZT/LPVr/ATVr),3,1,32,37,,165,596,FTC-TDF-(NVP/EFV/LPVr),3TC-TDF-(NVP/EFV/AZT/LPVr/ATVr)
389,47.5,F ,no,no,yes,yes ,no,no ,Acholi,completed primary school,1-no ,no,yes,widow/widowed,yes,69,3TC-TDF-(NVP/EFV/AZT/LPVr/ATVr),1,1,37,36,427,430,,FTC-TDF-(NVP/EFV/LPVr),3TC-TDF-(NVP/EFV/AZT/LPVr/ATVr)
390,39.2,m,no,no,no,yes ,no,no ,Acholi,completed primary school,1-no ,no,yes,married/cohabiting,no,34,Acholi,1,1,95,59,300,300,428,3TC-TDF-(NVP/EFV/AZT/LPVr/ATVr),1
391,45.9,m,no,yes,no,no,no,no ,Acholi,qualification afther senior six,1-no ,no,yes,married/cohabiting,yes,104,3TC-TDF-(NVP/EFV/AZT/LPVr/ATVr),3,1,42,40,80,80,220,FTC-TDF-(NVP/EFV/LPVr),3TC-TDF-(NVP/EFV/AZT/LPVr/ATVr)
392,28.9,F ,no,no,no,yes ,no,no ,Acholi,no formal education,1-no ,no,yes,married/cohabiting,no,125,3TC-TDF-(NVP/EFV/AZT/LPVr/ATVr),3,2,19,26,198,198,573,FTC-TDF-(NVP/EFV/LPVr),3TC-TDF-(NVP/EFV/AZT/LPVr/ATVr)
393,51.4,m,no,no,no,no,no,don't know / no data,Acholi,completed primary school,3-don't know / no data,no,yes,married/cohabiting,yes,160,3TC-TDF-(NVP/EFV/AZT/LPVr/ATVr),3,1,15,17,456,456,369,Other,3TC-TDF-(NVP/EFV/AZT/LPVr/ATVr)
394,56.6,F ,no,no,no,no,no,don't know / no data,Acholi,completed senior four,3-don't know / no data,no,yes,widow/widowed,no,107,3TC-TDF-(NVP/EFV/AZT/LPVr/ATVr),no data,1,26,32,361,169,654,FTC-TDF-(NVP/EFV/LPVr),3TC-TDF-(NVP/EFV/AZT/LPVr/ATVr)
395,14.3,m,no,no,no,no,no,don't know / no data,Acholi,completed primary school,3-don't know / no data,no,yes,single,no,26,Acholi,no data,no data,19,32,124,569,1113,3TC-TDF-(NVP/EFV/AZT/LPVr/ATVr),no data
396,51.7,F ,no,no,no,yes ,no,no ,Acholi,completed primary school,1-no ,no,yes,widow/widowed,no,103,Acholi,2,2,35,40,1222,303,640,3TC-TDF-(NVP/EFV/AZT/LPVr/ATVr),2
397,48.9,F ,no,no,no,yes ,no,no ,Lango,completed primary school,1-no ,no,yes,married/cohabiting,yes,24,Lango,2,2,34,40,500,324,932,3TC-TDF-(NVP/EFV/AZT/LPVr/ATVr),2
398,59.7,F ,no,yes,no,no,no,don't know / no data,Acholi,completed primary school,1-no ,no,yes,widow/widowed,yes,48,3TC-TDF-(NVP/EFV/AZT/LPVr/ATVr),2,2,24,27,,320,384,FTC-TDF-(NVP/EFV/LPVr),3TC-TDF-(NVP/EFV/AZT/LPVr/ATVr)
399,33.7,F ,no,no,no,no,no,no ,Acholi,completed primary school,1-no ,no,yes,married/cohabiting,yes,72,Acholi,1,1,16,19,319,319,332,3TC-AZT-(NVP/EFV/LPVr/ATVr),1
400,41.5,m,no,no,yes,no,no,Yes,Acholi,completed primary school,1-no ,no,yes,married/cohabiting,yes,36,Acholi,2,1,158,80,558,324,605,3TC-TDF-(NVP/EFV/AZT/LPVr/ATVr),2
401,35.8,m,no,no,no,yes ,no,no ,Acholi,completed senior six,1-no ,no,yes,divorced/separated,no,25,Acholi,1,1,32,30,599,237,,3TC-TDF-(NVP/EFV/AZT/LPVr/ATVr),1
402,32.5,F ,no,no,no,yes ,no,no ,Acholi,completed primary school,1-no ,no,yes,divorced/separated,yes,38,Acholi,1,2,19,24,422,240,573,3TC-TDF-(NVP/EFV/AZT/LPVr/ATVr),1
403,53.8,m,no,no,no,yes ,no,no ,Acholi,completed senior four,1-no ,no,yes,divorced/separated,no,90,3TC-TDF-(NVP/EFV/AZT/LPVr/ATVr),1,no data,,,418,286,543,FTC-TDF-(NVP/EFV/LPVr),3TC-TDF-(NVP/EFV/AZT/LPVr/ATVr)
404,45.9,F ,no,no,no,no,no,don't know / no data,Acholi,completed primary school,1-no ,no,yes,widow/widowed,yes,65,Acholi,1,2,26,34,394,194,510,3TC-TDF-(NVP/EFV/AZT/LPVr/ATVr),1
405,37.9,F ,no,no,no,yes ,no,don't know / no data,Lango,completed primary school,1-no ,no,yes,widow/widowed,yes,82,3TC-TDF-(NVP/EFV/AZT/LPVr/ATVr),2,no data,341,259,,300,788,FTC-TDF-(NVP/EFV/LPVr),3TC-TDF-(NVP/EFV/AZT/LPVr/ATVr)
406,31.9,F ,no,no,no,yes ,no,no ,Acholi,completed primary school,3-don't know / no data,no,yes,married/cohabiting,yes,42,Acholi,1,2,30,37,928,928,956,3TC-TDF-(NVP/EFV/AZT/LPVr/ATVr),1
407,43.9,m,no,no,yes,yes ,no,don't know / no data,Other / no data,no formal education,3-don't know / no data,no,yes,married/cohabiting,yes,51,Other / no data,4,4,,,,,512,3TC-AZT-(NVP/EFV/LPVr/ATVr),4
408,39.9,F ,no,yes,no,no,no,don't know / no data,Acholi,completed primary school,3-don't know / no data,no,yes,married/cohabiting,yes,71,Acholi,1,1,27,22,280,263,898,3TC-TDF-(NVP/EFV/AZT/LPVr/ATVr),1
409,47.2,F ,no,yes,no,yes ,no,no ,Acholi,no formal education,1-no ,no,yes,widow/widowed,no,136,3TC-TDF-(NVP/EFV/AZT/LPVr/ATVr),4,1,27,29,10,10,890,FTC-TDF-(NVP/EFV/LPVr),3TC-TDF-(NVP/EFV/AZT/LPVr/ATVr)
410,53.8,m,no,no,no,yes ,no,no ,Acholi,completed primary school,1-no ,no,yes,widow/widowed,yes,46,Acholi,2,1,38,51,310,310,,3TC-TDF-(NVP/EFV/AZT/LPVr/ATVr),2
411,33.3,F ,no,no,no,no,no,don't know / no data,Acholi,no formal education,3-don't know / no data,no,yes,divorced/separated,yes,68,3TC-AZT-(NVP/EFV/LPVr/ATVr),3,3,13,17,24,24,103,3TC-TDF-(NVP/EFV/AZT/LPVr/ATVr),3TC-AZT-(NVP/EFV/LPVr/ATVr)
412,48.9,F ,no,no,no,yes ,no,no ,Acholi,completed primary school,1-no ,no,yes,married/cohabiting,yes,71,Acholi,2,1,37,36,,192,440,3TC-TDF-(NVP/EFV/AZT/LPVr/ATVr),2
413,44.9,F ,no,no,no,yes ,no,don't know / no data,Acholi,no formal education,2-yes ,no,yes,widow/widowed,yes,120,3TC-TDF-(NVP/EFV/AZT/LPVr/ATVr),3,1,27,17,161,161,707,FTC-TDF-(NVP/EFV/LPVr),3TC-TDF-(NVP/EFV/AZT/LPVr/ATVr)
414,45.9,F ,no,no,no,no,no,no ,Acholi,completed primary school,1-no ,no,yes,widow/widowed,yes,36,Acholi,2,1,22,22,,106,481,3TC-TDF-(NVP/EFV/AZT/LPVr/ATVr),2
415,31.8,m,no,no,no,yes ,no,no ,Acholi,completed senior four,1-no ,no,yes,married/cohabiting,no,46,3TC-TDF-(NVP/EFV/AZT/LPVr/ATVr),2,no data,25,33,310,310,,FTC-TDF-(NVP/EFV/LPVr),3TC-TDF-(NVP/EFV/AZT/LPVr/ATVr)
416,32.4,F ,no,no,no,yes ,no,no ,Acholi,no formal education,1-no ,no,yes,married/cohabiting,yes,70,Acholi,no data,1,22,32,13,13,1424,3TC-TDF-(NVP/EFV/AZT/LPVr/ATVr),no data
417,38.8,F ,no,no,no,yes ,no,no ,Acholi,completed primary school,1-no ,no,yes,widow/widowed,yes,54,Acholi,3,3,81,99,8,8,156,3TC-TDF-(NVP/EFV/AZT/LPVr/ATVr),3
418,50.9,F ,no,no,no,no,no,no ,Acholi,no formal education,1-no ,no,yes,divorced/separated,no,120,3TC-TDF-(NVP/EFV/AZT/LPVr/ATVr),no data,1,22,32,,121,209,FTC-TDF-(NVP/EFV/LPVr),3TC-TDF-(NVP/EFV/AZT/LPVr/ATVr)
419,54.3,m,no,no,no,no,no,don't know / no data,Acholi,completed primary school,3-don't know / no data,no,yes,married/cohabiting,yes,145,Acholi,2,1,61,94,156,156,1529,3TC-AZT-(NVP/EFV/LPVr/ATVr),2
420,40.9,F ,no,no,no,no,no,no ,Acholi,completed primary school,1-no ,no,yes,married/cohabiting,yes,89,Acholi,2,2,11,15,482,242,887,3TC-TDF-(NVP/EFV/AZT/LPVr/ATVr),2
421,51.7,F ,no,yes,no,no,no,no ,Acholi,completed senior four,1-no ,no,yes,widow/widowed,yes,144,3TC-AZT-(NVP/EFV/LPVr/ATVr),3,2,33,34,,293,464,3TC-D4T-(NVP/EFV/LPVr),3TC-AZT-(NVP/EFV/LPVr/ATVr)
422,53.9,F ,no,no,no,no,no,don't know / no data,Acholi,no formal education,3-don't know / no data,no,yes,widow/widowed,yes,133,3TC-TDF-(NVP/EFV/AZT/LPVr/ATVr),2,2,20,19,,569,1018,FTC-TDF-(NVP/EFV/LPVr),3TC-TDF-(NVP/EFV/AZT/LPVr/ATVr)
423,53.9,F ,no,no,no,yes ,no,no ,Acholi,no formal education,1-no ,no,yes,widow/widowed,no,84,3TC-TDF-(NVP/EFV/AZT/LPVr/ATVr),2,1,26,29,393,393,263,FTC-TDF-(NVP/EFV/LPVr),3TC-TDF-(NVP/EFV/AZT/LPVr/ATVr)
424,31.9,m,no,no,no,no,no,no ,Acholi,completed primary school,1-no ,no,yes,married/cohabiting,no,47,3TC-TDF-(NVP/EFV/AZT/LPVr/ATVr),3,no data,17,26,483,38,120,FTC-TDF-(NVP/EFV/LPVr),3TC-TDF-(NVP/EFV/AZT/LPVr/ATVr)
425,29.9,F ,no,yes,no,no,no,don't know / no data,Lango,no formal education,1-no ,no,yes,widow/widowed,no,68,Lango,1,1,57,32,,325,380,3TC-TDF-(NVP/EFV/AZT/LPVr/ATVr),1
426,60.8,F ,no,no,no,no,no,no ,Acholi,completed primary school,1-no ,no,yes,widow/widowed,no,141,3TC-TDF-(NVP/EFV/AZT/LPVr/ATVr),3,2,71,47,176,176,511,FTC-TDF-(NVP/EFV/LPVr),3TC-TDF-(NVP/EFV/AZT/LPVr/ATVr)
427,13.9,F ,no,no,no,no,no,no ,Lango,completed primary school,1-no ,no,yes,single,no,119,Lango,3,2,17,22,865,865,,3TC-AZT-(NVP/EFV/LPVr/ATVr),3
429,55.5,F ,no,no,no,no,no,don't know / no data,Acholi,completed senior six,3-don't know / no data,no,yes,widow/widowed,no,140,3TC-TDF-(NVP/EFV/AZT/LPVr/ATVr),3,2,23,29,60,60,668,FTC-TDF-(NVP/EFV/LPVr),3TC-TDF-(NVP/EFV/AZT/LPVr/ATVr)
430,34.0,m,yes ,no,yes,yes ,no,no ,Lango,completed senior four,1-no ,no,yes,married/cohabiting,yes,86,3TC-TDF-(NVP/EFV/AZT/LPVr/ATVr),3,1,30,36,11,11,215,3TC-TDF-(NVP/EFV/AZT/LPVr/ATVr),3TC-TDF-(NVP/EFV/AZT/LPVr/ATVr)
431,43.1,m,no,no,yes,no,no,don't know / no data,Acholi,completed senior four,3-don't know / no data,no,yes,married/cohabiting,no,71,3TC-TDF-(NVP/EFV/AZT/LPVr/ATVr),2,2,34,29,268,268,569,FTC-TDF-(NVP/EFV/LPVr),3TC-TDF-(NVP/EFV/AZT/LPVr/ATVr)
432,46.8,F ,no,no,no,no,no,no ,Acholi,completed primary school,1-no ,no,yes,married/cohabiting,no,74,3TC-TDF-(NVP/EFV/AZT/LPVr/ATVr),1,1,25,26,470,245,517,FTC-TDF-(NVP/EFV/LPVr),3TC-TDF-(NVP/EFV/AZT/LPVr/ATVr)
434,44.9,m,no,no,no,no,no,no ,Acholi,completed primary school,1-no ,no,yes,married/cohabiting,no,64,Other,2,2,50,42,340,340,298,Other,Other
435,40.0,F ,no,no,no,yes ,no,no ,Acholi,qualification afther senior six,1-no ,no,yes,widow/widowed,no,80,Acholi,2,1,23,34,239,239,302,3TC-TDF-(NVP/EFV/AZT/LPVr/ATVr),2
436,44.9,F ,no,yes,no,no,no,don't know / no data,Acholi,no formal education,1-no ,no,yes,single,no,133,3TC-TDF-(NVP/EFV/AZT/LPVr/ATVr),4,1,12,32,146,146,559,FTC-TDF-(NVP/EFV/LPVr),3TC-TDF-(NVP/EFV/AZT/LPVr/ATVr)
437,29.7,F ,no,no,no,no,no,no ,Lango,qualification afther senior six,1-no ,no,yes,divorced/separated,yes,98,Lango,3,3,22,54,104,104,2,3TC-AZT-(NVP/EFV/LPVr/ATVr),3
438,61.3,m,no,no,no,yes ,no,don't know / no data,Acholi,completed senior four,1-no ,no,yes,married/cohabiting,yes,118,3TC-TDF-(NVP/EFV/AZT/LPVr/ATVr),1,1,21,35,578,391,626,FTC-TDF-(NVP/EFV/LPVr),3TC-TDF-(NVP/EFV/AZT/LPVr/ATVr)
439,42.0,F ,no,yes,no,no,no,no ,Acholi,completed primary school,1-no ,no,yes,divorced/separated,yes,97,3TC-TDF-(NVP/EFV/AZT/LPVr/ATVr),1,1,41,45,332,332,515,FTC-TDF-(NVP/EFV/LPVr),3TC-TDF-(NVP/EFV/AZT/LPVr/ATVr)
440,49.9,F ,no,no,no,no,no,no ,Acholi,completed primary school,1-no ,no,yes,widow/widowed,yes,71,3TC-TDF-(NVP/EFV/AZT/LPVr/ATVr),1,1,23,43,296,284,324,FTC-TDF-(NVP/EFV/LPVr),3TC-TDF-(NVP/EFV/AZT/LPVr/ATVr)
441,67.0,F ,no,yes,no,no,no,don't know / no data,Acholi,no formal education,3-don't know / no data,no,yes,married/cohabiting,yes,107,3TC-TDF-(NVP/EFV/AZT/LPVr/ATVr),3,2,28,32,65,65,483,FTC-TDF-(NVP/EFV/LPVr),3TC-TDF-(NVP/EFV/AZT/LPVr/ATVr)
442,29.9,F ,no,no,no,yes ,no,no ,Acholi,no formal education,1-no ,no,yes,married/cohabiting,no,71,Acholi,1,1,23,50,619,350,504,3TC-TDF-(NVP/EFV/AZT/LPVr/ATVr),1
443,42.0,m,no,no,no,no,no,no ,Acholi,qualification afther senior six,1-no ,no,yes,married/cohabiting,no,94,3TC-TDF-(NVP/EFV/AZT/LPVr/ATVr),3,1,40,39,368,28,299,FTC-TDF-(NVP/EFV/LPVr),3TC-TDF-(NVP/EFV/AZT/LPVr/ATVr)
444,26.9,F ,no,no,no,no,no,no ,Acholi,completed primary school,1-no ,no,yes,married/cohabiting,no,52,Acholi,1,1,22,40,424,411,452,3TC-TDF-(NVP/EFV/AZT/LPVr/ATVr),1
445,43.9,F ,no,no,no,no,no,no ,Acholi,completed primary school,1-no ,no,yes,widow/widowed,no,81,3TC-TDF-(NVP/EFV/AZT/LPVr/ATVr),2,1,23,38,,332,626,FTC-TDF-(NVP/EFV/LPVr),3TC-TDF-(NVP/EFV/AZT/LPVr/ATVr)
446,46.9,F ,no,no,no,no,no,no ,Acholi,completed primary school,1-no ,no,yes,widow/widowed,no,118,3TC-TDF-(NVP/EFV/AZT/LPVr/ATVr),3,1,25,40,261,261,482,FTC-TDF-(NVP/EFV/LPVr),3TC-TDF-(NVP/EFV/AZT/LPVr/ATVr)
447,35.8,F ,no,no,no,yes ,no,don't know / no data,Acholi,completed primary school,1-no ,no,yes,married/cohabiting,yes,121,3TC-TDF-(NVP/EFV/AZT/LPVr/ATVr),3,3,15,24,279,279,835,FTC-TDF-(NVP/EFV/LPVr),3TC-TDF-(NVP/EFV/AZT/LPVr/ATVr)
449,31.8,F ,no,no,yes,no,no,no ,Acholi,completed senior four,1-no ,no,yes,married/cohabiting,no,103,3TC-TDF-(NVP/EFV/AZT/LPVr/ATVr),3,1,32,33,235,235,588,FTC-TDF-(NVP/EFV/LPVr),3TC-TDF-(NVP/EFV/AZT/LPVr/ATVr)
450,45.9,F ,no,no,no,yes ,no,no ,Acholi,no formal education,3-don't know / no data,no,yes,widow/widowed,no,99,3TC-TDF-(NVP/EFV/AZT/LPVr/ATVr),3,1,38,58,461,294,345,FTC-TDF-(NVP/EFV/LPVr),3TC-TDF-(NVP/EFV/AZT/LPVr/ATVr)
451,42.9,F ,no,no,no,no,no,no ,Acholi,completed primary school,1-no ,no,yes,married/cohabiting,no,65,Acholi,1,2,17,20,601,300,537,3TC-AZT-(NVP/EFV/LPVr/ATVr),1
452,49.9,m,no,no,no,no,no,no ,Acholi,completed primary school,1-no ,no,yes,married/cohabiting,no,41,Acholi,2,2,15,30,345,345,485,3TC-TDF-(NVP/EFV/AZT/LPVr/ATVr),2
453,29.9,F ,no,no,yes,no,no,no ,Acholi,completed primary school,1-no ,no,yes,divorced/separated,no,128,Other,3,3,21,34,,234,630,3TC-TDF-(NVP/EFV/AZT/LPVr/ATVr),Other
454,41.0,F ,no,no,no,yes ,no,no ,Acholi,completed senior four,1-no ,no,yes,widow/widowed,yes,113,3TC-AZT-(NVP/EFV/LPVr/ATVr),no data,3,22,26,107,158,530,3TC-AZT-(NVP/EFV/LPVr/ATVr),3TC-AZT-(NVP/EFV/LPVr/ATVr)
455,44.9,F ,no,yes,no,no,no,don't know / no data,Acholi,completed primary school,3-don't know / no data,no,yes,married/cohabiting,yes,41,Acholi,1,2,20,25,536,24,418,3TC-TDF-(NVP/EFV/AZT/LPVr/ATVr),1
456,46.9,F ,no,no,no,yes ,no,no ,Acholi,completed primary school,1-no ,no,yes,widow/widowed,yes,118,3TC-TDF-(NVP/EFV/AZT/LPVr/ATVr),2,1,38,38,93,93,735,FTC-TDF-(NVP/EFV/LPVr),3TC-TDF-(NVP/EFV/AZT/LPVr/ATVr)
457,46.9,F ,no,no,yes,yes ,no,don't know / no data,Acholi,completed primary school,1-no ,no,yes,widow/widowed,yes,98,3TC-TDF-(NVP/EFV/AZT/LPVr/ATVr),3,2,30,46,278,278,513,FTC-TDF-(NVP/EFV/LPVr),3TC-TDF-(NVP/EFV/AZT/LPVr/ATVr)
458,42.7,F ,no,no,no,no,no,don't know / no data,Acholi,completed primary school,1-no ,no,yes,divorced/separated,no,97,3TC-TDF-(NVP/EFV/AZT/LPVr/ATVr),2,no data,40,64,,276,472,FTC-TDF-(NVP/EFV/LPVr),3TC-TDF-(NVP/EFV/AZT/LPVr/ATVr)
459,28.0,F ,no,no,no,no,no,don't know / no data,Other / no data,completed senior four,1-no ,no,yes,married/cohabiting,no,44,Other / no data,1,1,20,25,403,403,362,3TC-TDF-(NVP/EFV/AZT/LPVr/ATVr),1
460,44.0,m,no,no,no,no,no,don't know / no data,Acholi,completed senior four,1-no ,no,yes,married/cohabiting,no,116,Acholi,4,4,30,33,9,9,377,3TC-AZT-(NVP/EFV/LPVr/ATVr),4
461,30.5,m,no,no,no,no,no,no ,Acholi,completed primary school,1-no ,no,yes,divorced/separated,yes,37,3TC-AZT-(NVP/EFV/LPVr/ATVr),2,2,14,34,33,33,221,3TC-TDF-(NVP/EFV/AZT/LPVr/ATVr),3TC-AZT-(NVP/EFV/LPVr/ATVr)
462,46.0,F ,no,no,no,no,no,no ,Acholi,completed senior four,3-don't know / no data,no,yes,married/cohabiting,no,58,3TC-TDF-(NVP/EFV/AZT/LPVr/ATVr),4,1,20,35,,288,540,FTC-TDF-(NVP/EFV/LPVr),3TC-TDF-(NVP/EFV/AZT/LPVr/ATVr)
463,51.9,F ,no,no,no,no,no,no ,Acholi,completed primary school,1-no ,no,yes,married/cohabiting,yes,123,3TC-TDF-(NVP/EFV/AZT/LPVr/ATVr),3,1,26,40,51,51,639,FTC-TDF-(NVP/EFV/LPVr),3TC-TDF-(NVP/EFV/AZT/LPVr/ATVr)
464,30.3,F ,no,yes,no,no,no,no ,Acholi,completed senior four,1-no ,no,yes,widow/widowed,no,40,3TC-TDF-(NVP/EFV/AZT/LPVr/ATVr),1,1,42,40,62,62,324,3TC-TDF-(NVP/EFV/AZT/LPVr/ATVr),3TC-TDF-(NVP/EFV/AZT/LPVr/ATVr)
465,52.7,F ,no,no,no,no,no,no ,Acholi,completed senior four,1-no ,no,yes,married/cohabiting,no,133,Acholi,no data,2,20,32,140,140,586,3TC-TDF-(NVP/EFV/AZT/LPVr/ATVr),no data
466,40.9,m,no,no,no,no,no,no ,Acholi,completed primary school,1-no ,no,yes,married/cohabiting,no,9,Acholi,2,2,25,45,514,422,829,3TC-TDF-(NVP/EFV/AZT/LPVr/ATVr),2
467,50.3,m,no,no,no,yes ,no,no ,Acholi,completed senior four,1-no ,no,yes,married/cohabiting,yes,77,Acholi,2,1,22,35,191,191,481,3TC-TDF-(NVP/EFV/AZT/LPVr/ATVr),2
468,37.3,m,no,no,no,no,no,don't know / no data,Acholi,completed primary school,1-no ,no,yes,married/cohabiting,yes,88,3TC-TDF-(NVP/EFV/AZT/LPVr/ATVr),2,2,28,47,135,135,,FTC-TDF-(NVP/EFV/LPVr),3TC-TDF-(NVP/EFV/AZT/LPVr/ATVr)
469,32.9,F ,no,no,no,no,no,don't know / no data,Acholi,completed primary school,1-no ,no,yes,married/cohabiting,no,43,Acholi,2,no data,24,34,,910,820,3TC-TDF-(NVP/EFV/AZT/LPVr/ATVr),2
470,20.9,F ,no,no,yes,no,no,no ,Other / no data,completed primary school,1-no ,no,yes,married/cohabiting,yes,44,Other / no data,1,1,32,30,631,361,652,3TC-TDF-(NVP/EFV/AZT/LPVr/ATVr),1
471,44.7,F ,no,no,no,yes ,no,no ,Acholi,completed primary school,1-no ,no,yes,widow/widowed,yes,58,3TC-TDF-(NVP/EFV/AZT/LPVr/ATVr),2,1,15,22,356,317,541,FTC-TDF-(NVP/EFV/LPVr),3TC-TDF-(NVP/EFV/AZT/LPVr/ATVr)
472,36.0,F ,no,no,no,no,no,no ,Acholi,completed primary school,1-no ,no,yes,married/cohabiting,no,27,Acholi,1,1,32,36,458,356,764,3TC-TDF-(NVP/EFV/AZT/LPVr/ATVr),1
473,43.5,F ,no,no,no,yes ,no,no ,Acholi,completed primary school,1-no ,no,yes,married/cohabiting,no,97,3TC-TDF-(NVP/EFV/AZT/LPVr/ATVr),2,1,51,60,,252,419,FTC-TDF-(NVP/EFV/LPVr),3TC-TDF-(NVP/EFV/AZT/LPVr/ATVr)
474,38.5,m,no,no,no,no,no,no ,Acholi,completed senior four,1-no ,no,yes,married/cohabiting,yes,96,3TC-TDF-(NVP/EFV/AZT/LPVr/ATVr),3,1,19,28,522,83,419,FTC-TDF-(NVP/EFV/LPVr),3TC-TDF-(NVP/EFV/AZT/LPVr/ATVr)
475,46.9,F ,no,no,no,yes ,no,no ,Acholi,completed primary school,1-no ,no,yes,widow/widowed,no,118,3TC-TDF-(NVP/EFV/AZT/LPVr/ATVr),2,2,15,29,,222,,FTC-TDF-(NVP/EFV/LPVr),3TC-TDF-(NVP/EFV/AZT/LPVr/ATVr)
476,50.9,F ,no,no,no,yes ,no,no ,Acholi,no formal education,1-no ,no,yes,married/cohabiting,yes,25,Acholi,2,1,20,28,507,363,860,3TC-TDF-(NVP/EFV/AZT/LPVr/ATVr),2
477,42.9,F ,no,no,no,no,no,no ,Acholi,completed primary school,1-no ,no,yes,widow/widowed,yes,75,3TC-TDF-(NVP/EFV/AZT/LPVr/ATVr),2,1,20,30,331,262,462,FTC-TDF-(NVP/EFV/LPVr),3TC-TDF-(NVP/EFV/AZT/LPVr/ATVr)
479,58.0,F ,no,no,no,no,no,no ,Acholi,completed primary school,1-no ,no,yes,widow/widowed,no,119,3TC-TDF-(NVP/EFV/AZT/LPVr/ATVr),no data,1,23,25,,276,668,FTC-TDF-(NVP/EFV/LPVr),3TC-TDF-(NVP/EFV/AZT/LPVr/ATVr)
480,57.0,F ,no,no,no,no,no,no ,Acholi,completed primary school,1-no ,no,yes,married/cohabiting,no,89,3TC-TDF-(NVP/EFV/AZT/LPVr/ATVr),2,1,22,40,719,315,,FTC-TDF-(NVP/EFV/LPVr),3TC-TDF-(NVP/EFV/AZT/LPVr/ATVr)
481,46.4,F ,no,yes,no,no,no,no ,Other / no data,completed primary school,1-no ,no,yes,married/cohabiting,yes,107,3TC-AZT-(NVP/EFV/LPVr/ATVr),3,2,16,29,179,179,297,3TC-TDF-(NVP/EFV/AZT/LPVr/ATVr),3TC-AZT-(NVP/EFV/LPVr/ATVr)
482,53.9,F ,no,no,no,yes ,no,no ,Acholi,completed primary school,1-no ,no,yes,widow/widowed,yes,99,3TC-TDF-(NVP/EFV/AZT/LPVr/ATVr),2,3,42,52,185,185,229,FTC-TDF-(NVP/EFV/LPVr),3TC-TDF-(NVP/EFV/AZT/LPVr/ATVr)
483,48.2,F ,no,no,no,no,no,no ,Acholi,completed primary school,1-no ,no,yes,married/cohabiting,no,82,3TC-TDF-(NVP/EFV/AZT/LPVr/ATVr),1,1,39,43,284,284,489,FTC-TDF-(NVP/EFV/LPVr),3TC-TDF-(NVP/EFV/AZT/LPVr/ATVr)
484,35.5,m,no,no,no,yes ,no,don't know / no data,Acholi,no formal education,3-don't know / no data,no,yes,married/cohabiting,yes,85,3TC-TDF-(NVP/EFV/AZT/LPVr/ATVr),2,2,27,31,343,343,690,FTC-TDF-(NVP/EFV/LPVr),3TC-TDF-(NVP/EFV/AZT/LPVr/ATVr)
485,30.5,F ,no,no,no,yes ,no,no ,Acholi,completed primary school,1-no ,no,yes,married/cohabiting,no,41,Acholi,1,1,31,31,,748,1218,3TC-AZT-(NVP/EFV/LPVr/ATVr),1
486,36.9,F ,no,no,no,yes ,no,no ,Acholi,completed primary school,1-no ,no,yes,widow/widowed,yes,44,Acholi,3,1,21,35,426,277,508,3TC-TDF-(NVP/EFV/AZT/LPVr/ATVr),3
487,46.2,F ,no,no,no,no,no,no ,Acholi,no formal education,1-no ,no,yes,widow/widowed,yes,117,3TC-AZT-(NVP/EFV/LPVr/ATVr),3,1,22,37,147,147,721,3TC-AZT-(NVP/EFV/LPVr/ATVr),3TC-AZT-(NVP/EFV/LPVr/ATVr)
488,45.9,F ,no,yes,no,no,no,no ,Acholi,completed primary school,1-no ,no,yes,widow/widowed,no,141,Acholi,3,2,26,32,341,1111,785,3TC-TDF-(NVP/EFV/AZT/LPVr/ATVr),3
489,30.4,F ,no,no,no,no,no,no ,Acholi,no formal education,1-no ,no,yes,married/cohabiting,no,41,Acholi,2,1,,,159,159,411,3TC-TDF-(NVP/EFV/AZT/LPVr/ATVr),2
490,30.4,F ,no,no,no,yes ,no,no ,Other / no data,no formal education,1-no ,no,yes,widow/widowed,no,59,Other / no data,1,2,19,18,447,447,716,3TC-AZT-(NVP/EFV/LPVr/ATVr),1
491,46.4,F ,no,no,no,no,no,don't know / no data,Acholi,completed primary school,3-don't know / no data,no,yes,married/cohabiting,yes,136,3TC-TDF-(NVP/EFV/AZT/LPVr/ATVr),3,1,15,21,167,167,295,FTC-TDF-(NVP/EFV/LPVr),3TC-TDF-(NVP/EFV/AZT/LPVr/ATVr)
492,16.7,m,no,yes,no,no,no,no ,Other / no data,completed primary school,1-no ,yes,yes,single,yes,129,Other / no data,3,1,30,55,,,637,3TC-AZT-(NVP/EFV/LPVr/ATVr),3
493,40.9,F ,no,no,no,no,no,no ,Acholi,no formal education,3-don't know / no data,no,yes,widow/widowed,no,48,3TC-TDF-(NVP/EFV/AZT/LPVr/ATVr),3,1,24,31,455,300,384,FTC-TDF-(NVP/EFV/LPVr),3TC-TDF-(NVP/EFV/AZT/LPVr/ATVr)
494,21.5,F ,yes ,no,no,yes ,no,no ,Acholi,no formal education,1-no ,no,yes,divorced/separated,no,23,Acholi,2,1,19,25,,165,565,3TC-TDF-(NVP/EFV/AZT/LPVr/ATVr),2
495,41.7,m,no,no,yes,no,no,no ,Acholi,completed primary school,2-yes ,no,yes,married/cohabiting,yes,67,3TC-TDF-(NVP/EFV/AZT/LPVr/ATVr),2,1,31,31,348,348,393,FTC-TDF-(NVP/EFV/LPVr),3TC-TDF-(NVP/EFV/AZT/LPVr/ATVr)
496,46.4,m,no,no,no,yes ,no,don't know / no data,Acholi,qualification afther senior six,1-no ,no,yes,married/cohabiting,yes,108,3TC-TDF-(NVP/EFV/AZT/LPVr/ATVr),3,1,28,41,,281,376,FTC-TDF-(NVP/EFV/LPVr),3TC-TDF-(NVP/EFV/AZT/LPVr/ATVr)
497,50.8,F ,no,no,no,no,no,no ,Acholi,completed primary school,1-no ,no,yes,widow/widowed,no,116,Acholi,3,1,23,23,69,69,799,3TC-TDF-(NVP/EFV/AZT/LPVr/ATVr),3
498,48.1,F ,no,yes,no,no,no,no ,Acholi,no formal education,1-no ,no,yes,married/cohabiting,no,110,3TC-TDF-(NVP/EFV/AZT/LPVr/ATVr),3,1,17,24,336,212,1000,FTC-TDF-(NVP/EFV/LPVr),3TC-TDF-(NVP/EFV/AZT/LPVr/ATVr)
499,38.9,F ,no,no,no,yes ,no,no ,Acholi,no formal education,3-don't know / no data,no,yes,divorced/separated,no,118,3TC-TDF-(NVP/EFV/AZT/LPVr/ATVr),2,1,22,23,233,233,521,FTC-TDF-(NVP/EFV/LPVr),3TC-TDF-(NVP/EFV/AZT/LPVr/ATVr)
500,47.0,F ,no,no,no,no,no,no ,Acholi,no formal education,1-no ,no,yes,widow/widowed,no,55,Acholi,1,1,28,29,,278,385,3TC-TDF-(NVP/EFV/AZT/LPVr/ATVr),1
501,42.5,F ,no,no,no,yes ,no,no ,Acholi,no formal education,1-no ,no,yes,married/cohabiting,no,60,3TC-TDF-(NVP/EFV/AZT/LPVr/ATVr),1,2,26,26,887,274,324,FTC-TDF-(NVP/EFV/LPVr),3TC-TDF-(NVP/EFV/AZT/LPVr/ATVr)
502,34.9,F ,no,no,no,yes ,no,no ,Acholi,no formal education,1-no ,no,yes,married/cohabiting,no,104,3TC-TDF-(NVP/EFV/AZT/LPVr/ATVr),1,1,22,25,,235,1211,FTC-TDF-(NVP/EFV/LPVr),3TC-TDF-(NVP/EFV/AZT/LPVr/ATVr)
503,44.4,F ,no,no,yes,no,no,no ,Acholi,no formal education,2-yes ,no,yes,married/cohabiting,yes,65,Acholi,2,1,17,21,159,159,366,3TC-TDF-(NVP/EFV/AZT/LPVr/ATVr),2
504,48.4,m,no,no,yes,no,no,don't know / no data,Acholi,completed primary school,1-no ,yes,yes,married/cohabiting,no,88,3TC-TDF-(NVP/EFV/AZT/LPVr/ATVr),no data,1,19,24,,,877,FTC-TDF-(NVP/EFV/LPVr),3TC-TDF-(NVP/EFV/AZT/LPVr/ATVr)
505,52.0,F ,no,yes,no,no,no,no ,Acholi,no formal education,2-yes ,no,yes,married/cohabiting,no,140,3TC-TDF-(NVP/EFV/AZT/LPVr/ATVr),2,2,26,31,10,10,406,FTC-TDF-(NVP/EFV/LPVr),3TC-TDF-(NVP/EFV/AZT/LPVr/ATVr)
506,26.7,F ,no,no,no,no,no,no ,Acholi,completed senior four,1-no ,no,yes,married/cohabiting,no,140,3TC-TDF-(NVP/EFV/AZT/LPVr/ATVr),2,2,28,29,452,452,545,FTC-TDF-(NVP/EFV/LPVr),3TC-TDF-(NVP/EFV/AZT/LPVr/ATVr)
507,59.6,F ,no,no,no,yes ,no,no ,Acholi,no formal education,3-don't know / no data,no,yes,married/cohabiting,no,137,3TC-TDF-(NVP/EFV/AZT/LPVr/ATVr),3,2,23,22,64,64,1135,FTC-TDF-(NVP/EFV/LPVr),3TC-TDF-(NVP/EFV/AZT/LPVr/ATVr)
508,26.3,m,no,no,no,yes ,no,Yes,Acholi,no formal education,1-no ,yes,yes,married/cohabiting,no,21,Acholi,1,1,36,27,126,126,218,3TC-TDF-(NVP/EFV/AZT/LPVr/ATVr),1
509,44.2,F ,no,no,no,yes ,no,no ,Acholi,no formal education,1-no ,no,yes,divorced/separated,no,61,3TC-TDF-(NVP/EFV/AZT/LPVr/ATVr),3,1,,,,191,693,FTC-TDF-(NVP/EFV/LPVr),3TC-TDF-(NVP/EFV/AZT/LPVr/ATVr)
510,58.0,F ,no,yes,no,yes ,no,Yes,Acholi,no formal education,1-no ,no,yes,married/cohabiting,no,144,3TC-AZT-(NVP/EFV/LPVr/ATVr),no data,1,30,28,,,852,FTC-TDF-(NVP/EFV/LPVr),3TC-AZT-(NVP/EFV/LPVr/ATVr)
511,38.9,F ,no,yes,no,yes ,no,no ,Acholi,no formal education,1-no ,no,yes,single,no,59,3TC-TDF-(NVP/EFV/AZT/LPVr/ATVr),2,1,16,23,218,218,607,FTC-TDF-(NVP/EFV/LPVr),3TC-TDF-(NVP/EFV/AZT/LPVr/ATVr)
512,50.0,m,no,no,no,no,no,no ,Acholi,completed senior four,1-no ,no,yes,married/cohabiting,no,82,3TC-TDF-(NVP/EFV/AZT/LPVr/ATVr),1,1,19,24,294,294,706,FTC-TDF-(NVP/EFV/LPVr),3TC-TDF-(NVP/EFV/AZT/LPVr/ATVr)
513,38.4,F ,no,no,no,no,no,no ,Acholi,no formal education,1-no ,no,yes,married/cohabiting,yes,82,3TC-TDF-(NVP/EFV/AZT/LPVr/ATVr),no data,2,27,28,,318,716,FTC-TDF-(NVP/EFV/LPVr),3TC-TDF-(NVP/EFV/AZT/LPVr/ATVr)
514,23.9,F ,no,no,no,no,no,no ,Acholi,completed primary school,1-no ,no,yes,single,no,2,Acholi,1,1,27,30,710,369,666,3TC-TDF-(NVP/EFV/AZT/LPVr/ATVr),1
515,12.7,F ,no,no,no,no,no,no ,Acholi,completed primary school,1-no ,no,yes,single,no,27,Acholi,3,2,17,20,1237,599,706,3TC-AZT-(NVP/EFV/LPVr/ATVr),3
516,43.9,F ,no,no,no,no,yes,no ,Acholi,no formal education,1-no ,no,yes,married/cohabiting,yes,40,Acholi,2,1,9,26,402,267,425,3TC-TDF-(NVP/EFV/AZT/LPVr/ATVr),2
517,35.1,F ,no,no,no,no,no,don't know / no data,Acholi,completed primary school,1-no ,no,yes,married/cohabiting,yes,88,Acholi,2,1,11,14,105,105,296,3TC-AZT-(NVP/EFV/LPVr/ATVr),2
518,36.1,F ,no,no,no,no,no,don't know / no data,Acholi,completed primary school,1-no ,no,yes,married/cohabiting,no,76,Acholi,2,2,17,24,413,347,416,3TC-TDF-(NVP/EFV/AZT/LPVr/ATVr),2
519,53.6,F ,no,no,no,no,no,no ,Acholi,completed primary school,1-no ,no,yes,widow/widowed,no,106,3TC-TDF-(NVP/EFV/AZT/LPVr/ATVr),2,1,17,23,197,197,492,FTC-TDF-(NVP/EFV/LPVr),3TC-TDF-(NVP/EFV/AZT/LPVr/ATVr)
520,43.0,F ,no,no,no,yes ,no,don't know / no data,Lango,No data,3-don't know / no data,no,yes,married/cohabiting,no,7,Lango,2,1,18,18,538,559,414,3TC-TDF-(NVP/EFV/AZT/LPVr/ATVr),2
521,53.6,F ,no,no,no,no,no,don't know / no data,Acholi,no formal education,1-no ,no,yes,widow/widowed,no,125,3TC-TDF-(NVP/EFV/AZT/LPVr/ATVr),2,1,22,15,215,215,723,FTC-TDF-(NVP/EFV/LPVr),3TC-TDF-(NVP/EFV/AZT/LPVr/ATVr)
522,37.5,F ,no,no,no,no,no,no ,Acholi,completed primary school,1-no ,no,yes,married/cohabiting,no,66,Acholi,2,1,17,19,181,95,370,3TC-TDF-(NVP/EFV/AZT/LPVr/ATVr),2
523,44.5,F ,no,yes,no,no,no,no ,Acholi,no formal education,1-no ,no,yes,widow/widowed,no,3,Acholi,2,1,20,17,544,268,623,3TC-TDF-(NVP/EFV/AZT/LPVr/ATVr),2
524,42.0,F ,no,no,no,no,no,no ,Acholi,completed primary school,1-no ,no,yes,married/cohabiting,no,120,3TC-TDF-(NVP/EFV/AZT/LPVr/ATVr),2,1,19,23,221,221,918,FTC-TDF-(NVP/EFV/LPVr),3TC-TDF-(NVP/EFV/AZT/LPVr/ATVr)
525,37.9,F ,no,no,no,no,no,Yes,Acholi,no formal education,1-no ,no,yes,married/cohabiting,no,4,3TC-TDF-(NVP/EFV/AZT/LPVr/ATVr),3,1,15,16,,339,641,FTC-TDF-(NVP/EFV/LPVr),3TC-TDF-(NVP/EFV/AZT/LPVr/ATVr)
526,53.7,F ,no,no,no,yes ,no,no ,Acholi,completed primary school,1-no ,no,yes,widow/widowed,yes,119,3TC-TDF-(NVP/EFV/AZT/LPVr/ATVr),3,1,23,22,,266,717,FTC-TDF-(NVP/EFV/LPVr),3TC-TDF-(NVP/EFV/AZT/LPVr/ATVr)
527,47.0,F ,no,no,no,no,no,no ,Acholi,no formal education,1-no ,no,yes,divorced/separated,yes,119,3TC-TDF-(NVP/EFV/AZT/LPVr/ATVr),no data,no data,22,22,,208,466,FTC-TDF-(NVP/EFV/LPVr),3TC-TDF-(NVP/EFV/AZT/LPVr/ATVr)
528,52.0,F ,no,yes,no,yes ,no,no ,Acholi,completed primary school,1-no ,no,yes,widow/widowed,yes,77,3TC-TDF-(NVP/EFV/AZT/LPVr/ATVr),no data,2,11,15,,399,521,FTC-TDF-(NVP/EFV/LPVr),3TC-TDF-(NVP/EFV/AZT/LPVr/ATVr)
529,33.0,F ,no,no,no,no,no,don't know / no data,Acholi,completed senior four,1-no ,no,yes,married/cohabiting,no,39,Acholi,2,2,17,15,366,210,332,3TC-TDF-(NVP/EFV/AZT/LPVr/ATVr),2
530,21.9,F ,no,no,no,yes ,no,no ,Acholi,completed primary school,1-no ,no,yes,married/cohabiting,no,10,Acholi,2,1,16,19,158,158,246,3TC-TDF-(NVP/EFV/AZT/LPVr/ATVr),2
531,23.7,F ,no,no,no,yes ,no,don't know / no data,Acholi,completed primary school,3-don't know / no data,no,yes,divorced/separated,no,26,Acholi,2,2,23,24,106,106,296,3TC-TDF-(NVP/EFV/AZT/LPVr/ATVr),2
532,59.6,m,no,yes,no,yes ,no,no ,Acholi,completed primary school,1-no ,no,yes,married/cohabiting,yes,68,3TC-TDF-(NVP/EFV/AZT/LPVr/ATVr),2,1,16,14,95,95,388,FTC-TDF-(NVP/EFV/LPVr),3TC-TDF-(NVP/EFV/AZT/LPVr/ATVr)
533,48.0,m,no,no,no,yes ,no,no ,Acholi,completed primary school,1-no ,no,yes,married/cohabiting,yes,29,Acholi,1,1,57,76,400,118,306,3TC-TDF-(NVP/EFV/AZT/LPVr/ATVr),1
534,25.9,F ,no,no,no,no,no,don't know / no data,Acholi,completed primary school,3-don't know / no data,no,yes,married/cohabiting,no,50,Acholi,2,1,17,24,401,339,626,3TC-TDF-(NVP/EFV/AZT/LPVr/ATVr),2
535,15.5,m,no,no,yes,no,no,no ,Acholi,completed senior four,1-no ,yes,yes,single,no,112,Acholi,3,2,43,23,550,550,118,3TC-AZT-(NVP/EFV/LPVr/ATVr),3
536,48.0,F ,no,no,no,yes ,no,no ,Acholi,completed primary school,1-no ,no,yes,divorced/separated,yes,90,3TC-TDF-(NVP/EFV/AZT/LPVr/ATVr),3,1,30,33,419,279,547,FTC-TDF-(NVP/EFV/LPVr),3TC-TDF-(NVP/EFV/AZT/LPVr/ATVr)
537,44.6,F ,no,no,no,yes ,no,no ,Acholi,completed primary school,1-no ,no,yes,divorced/separated,yes,110,3TC-TDF-(NVP/EFV/AZT/LPVr/ATVr),2,1,38,38,231,231,462,FTC-TDF-(NVP/EFV/LPVr),3TC-TDF-(NVP/EFV/AZT/LPVr/ATVr)
538,36.6,F ,no,no,no,no,no,don't know / no data,Acholi,completed senior four,1-no ,no,yes,divorced/separated,no,95,3TC-TDF-(NVP/EFV/AZT/LPVr/ATVr),1,2,20,18,336,336,353,FTC-TDF-(NVP/EFV/LPVr),3TC-TDF-(NVP/EFV/AZT/LPVr/ATVr)
539,43.0,m,no,no,no,no,no,no ,Acholi,completed senior six,1-no ,no,yes,married/cohabiting,no,24,3TC-TDF-(NVP/EFV/AZT/LPVr/ATVr),2,2,15,18,,444,399,3TC-TDF-(NVP/EFV/AZT/LPVr/ATVr),3TC-TDF-(NVP/EFV/AZT/LPVr/ATVr)
540,31.9,F ,no,no,no,yes ,no,no ,Acholi,no formal education,1-no ,no,yes,married/cohabiting,no,56,Acholi,1,2,12,23,389,389,909,3TC-AZT-(NVP/EFV/LPVr/ATVr),1
541,38.1,F ,no,no,no,yes ,no,no ,Acholi,no formal education,1-no ,no,yes,widow/widowed,no,72,3TC-TDF-(NVP/EFV/AZT/LPVr/ATVr),1,1,17,25,,286,906,3TC-AZT-(NVP/EFV/LPVr/ATVr),3TC-TDF-(NVP/EFV/AZT/LPVr/ATVr)
542,42.0,F ,no,no,no,no,no,no ,Acholi,no formal education,2-yes ,no,yes,widow/widowed,no,27,Acholi,2,1,24,30,682,482,582,3TC-TDF-(NVP/EFV/AZT/LPVr/ATVr),2
543,42.4,F ,no,no,no,no,no,no ,Acholi,completed primary school,1-no ,no,yes,widow/widowed,no,104,3TC-TDF-(NVP/EFV/AZT/LPVr/ATVr),2,1,23,35,219,219,246,FTC-TDF-(NVP/EFV/LPVr),3TC-TDF-(NVP/EFV/AZT/LPVr/ATVr)
544,33.4,F ,no,no,no,no,no,no ,Acholi,no formal education,2-yes ,no,yes,divorced/separated,yes,62,Acholi,2,1,26,21,269,269,855,3TC-TDF-(NVP/EFV/AZT/LPVr/ATVr),2
546,11.7,F ,no,no,no,no,no,no ,Acholi,no formal education,3-don't know / no data,no,yes,single,no,127,3TC-AZT-(NVP/EFV/LPVr/ATVr),3,no data,36,35,,,1237,3TC-AZT-(NVP/EFV/LPVr/ATVr),3TC-AZT-(NVP/EFV/LPVr/ATVr)
547,45.0,F ,no,yes,no,no,no,no ,Other / no data,completed primary school,1-no ,no,yes,divorced/separated,no,64,Other / no data,1,1,30,30,256,256,1013,3TC-TDF-(NVP/EFV/AZT/LPVr/ATVr),1
548,33.5,F ,no,yes,no,yes ,no,no ,Acholi,completed senior four,2-yes ,no,yes,married/cohabiting,yes,60,Acholi,2,1,34,62,76,76,331,3TC-TDF-(NVP/EFV/AZT/LPVr/ATVr),2
549,39.0,m,no,no,no,yes ,no,don't know / no data,Acholi,completed primary school,1-no ,no,yes,married/cohabiting,no,13,Acholi,3,1,13,42,28,28,300,3TC-TDF-(NVP/EFV/AZT/LPVr/ATVr),3
550,13.9,F ,no,no,yes,yes ,no,don't know / no data,Acholi,no formal education,1-no ,no,yes,single,no,50,Acholi,2,1,16,29,608,441,839,3TC-TDF-(NVP/EFV/AZT/LPVr/ATVr),2
552,38.7,F ,no,no,no,yes ,no,no ,Acholi,no formal education,1-no ,no,yes,single,no,96,3TC-TDF-(NVP/EFV/AZT/LPVr/ATVr),3,1,25,36,196,196,1207,FTC-TDF-(NVP/EFV/LPVr),3TC-TDF-(NVP/EFV/AZT/LPVr/ATVr)
553,28.6,F ,no,no,no,no,no,no ,Other / no data,qualification afther senior six,1-no ,no,yes,married/cohabiting,no,37,3TC-TDF-(NVP/EFV/AZT/LPVr/ATVr),1,1,16,21,,,720,3TC-AZT-(NVP/EFV/LPVr/ATVr),3TC-TDF-(NVP/EFV/AZT/LPVr/ATVr)
554,33.4,F ,no,no,no,no,no,no ,Other / no data,No data,1-no ,no,yes,married/cohabiting,no,65,Other / no data,1,1,18,24,573,287,1196,3TC-TDF-(NVP/EFV/AZT/LPVr/ATVr),1
555,45.1,F ,no,no,no,yes ,no,don't know / no data,Acholi,no formal education,1-no ,no,yes,No data,no,25,Acholi,2,2,21,22,266,266,855,3TC-AZT-(NVP/EFV/LPVr/ATVr),2
556,45.4,m,no,yes,no,yes ,no,no ,Acholi,completed primary school,3-don't know / no data,no,yes,married/cohabiting,yes,123,3TC-TDF-(NVP/EFV/AZT/LPVr/ATVr),no data,1,23,26,,163,646,FTC-TDF-(NVP/EFV/LPVr),3TC-TDF-(NVP/EFV/AZT/LPVr/ATVr)
557,44.1,F ,no,no,no,no,no,no ,Acholi,no formal education,1-no ,no,yes,divorced/separated,no,66,Acholi,2,1,20,25,,,1061,3TC-TDF-(NVP/EFV/AZT/LPVr/ATVr),2
558,46.8,F ,no,no,no,yes ,no,no ,Acholi,no formal education,3-don't know / no data,no,yes,married/cohabiting,yes,115,3TC-TDF-(NVP/EFV/AZT/LPVr/ATVr),1,2,18,23,,234,362,FTC-TDF-(NVP/EFV/LPVr),3TC-TDF-(NVP/EFV/AZT/LPVr/ATVr)
559,47.2,m,no,no,yes,yes ,no,don't know / no data,Acholi,completed senior four,1-no ,no,yes,married/cohabiting,no,47,Acholi,2,1,26,33,331,331,323,3TC-TDF-(NVP/EFV/AZT/LPVr/ATVr),2
561,50.4,F ,no,no,no,no,no,no ,Acholi,no formal education,1-no ,no,yes,widow/widowed,no,141,3TC-TDF-(NVP/EFV/AZT/LPVr/ATVr),3,2,19,22,65,65,1134,3TC-D4T-(NVP/EFV/LPVr),3TC-TDF-(NVP/EFV/AZT/LPVr/ATVr)
562,35.0,F ,no,no,no,yes ,no,no ,Acholi,No data,1-no ,no,yes,widow/widowed,no,77,3TC-TDF-(NVP/EFV/AZT/LPVr/ATVr),2,1,21,21,477,189,612,FTC-TDF-(NVP/EFV/LPVr),3TC-TDF-(NVP/EFV/AZT/LPVr/ATVr)
563,36.2,m,no,no,no,yes ,no,no ,Acholi,no formal education,1-no ,no,yes,married/cohabiting,yes,5,Acholi,1,1,138,69,821,792,792,3TC-TDF-(NVP/EFV/AZT/LPVr/ATVr),1
564,39.4,F ,no,no,no,yes ,no,no ,Acholi,no formal education,1-no ,no,yes,widow/widowed,no,62,Acholi,2,2,20,23,582,400,590,3TC-TDF-(NVP/EFV/AZT/LPVr/ATVr),2
565,50.5,m,no,no,no,yes ,no,no ,Acholi,completed senior four,1-no ,no,yes,married/cohabiting,no,140,3TC-TDF-(NVP/EFV/AZT/LPVr/ATVr),3,1,40,43,19,19,621,FTC-TDF-(NVP/EFV/LPVr),3TC-TDF-(NVP/EFV/AZT/LPVr/ATVr)
566,29.9,F ,no,yes,no,no,no,don't know / no data,Acholi,no formal education,1-no ,no,yes,married/cohabiting,yes,24,Acholi,3,1,19,39,9,9,301,3TC-TDF-(NVP/EFV/AZT/LPVr/ATVr),3
567,50.4,F ,no,no,no,yes ,no,no ,Acholi,completed primary school,1-no ,no,yes,married/cohabiting,no,93,Acholi,3,1,23,31,169,169,222,3TC-AZT-(NVP/EFV/LPVr/ATVr),3
568,53.4,m,no,no,no,no,no,don't know / no data,Acholi,completed primary school,3-don't know / no data,no,yes,married/cohabiting,no,66,Acholi,1,2,27,32,290,290,666,3TC-TDF-(NVP/EFV/AZT/LPVr/ATVr),1
569,47.4,m,yes ,no,no,yes ,no,don't know / no data,Acholi,completed senior six,2-yes ,no,yes,married/cohabiting,no,129,3TC-TDF-(NVP/EFV/AZT/LPVr/ATVr),2,1,22,35,88,88,740,FTC-TDF-(NVP/EFV/LPVr),3TC-TDF-(NVP/EFV/AZT/LPVr/ATVr)
570,28.9,F ,no,no,no,yes ,no,don't know / no data,Acholi,no formal education,1-no ,no,yes,divorced/separated,yes,23,Acholi,1,2,17,19,283,89,220,3TC-TDF-(NVP/EFV/AZT/LPVr/ATVr),1
571,37.1,F ,no,no,no,yes ,no,no ,Acholi,no formal education,2-yes ,no,yes,married/cohabiting,no,47,Acholi,2,1,19,24,360,360,360,3TC-AZT-(NVP/EFV/LPVr/ATVr),2
572,41.1,F ,no,no,no,yes ,no,no ,Acholi,completed primary school,1-no ,no,yes,divorced/separated,no,56,Acholi,1,1,32,32,525,200,800,3TC-TDF-(NVP/EFV/AZT/LPVr/ATVr),1
573,53.4,F ,no,no,no,yes ,no,no ,Acholi,no formal education,1-no ,no,yes,widow/widowed,no,73,3TC-TDF-(NVP/EFV/AZT/LPVr/ATVr),1,2,18,27,606,348,744,FTC-TDF-(NVP/EFV/LPVr),3TC-TDF-(NVP/EFV/AZT/LPVr/ATVr)
574,48.5,F ,no,no,no,no,no,no ,Acholi,completed senior four,1-no ,no,yes,widow/widowed,no,118,3TC-TDF-(NVP/EFV/AZT/LPVr/ATVr),2,2,30,46,,,,FTC-TDF-(NVP/EFV/LPVr),3TC-TDF-(NVP/EFV/AZT/LPVr/ATVr)
575,43.8,F ,no,no,no,no,no,don't know / no data,Acholi,completed senior four,1-no ,no,yes,married/cohabiting,no,119,3TC-AZT-(NVP/EFV/LPVr/ATVr),3,1,30,31,243,243,388,FTC-TDF-(NVP/EFV/LPVr),3TC-AZT-(NVP/EFV/LPVr/ATVr)
576,41.5,F ,no,no,no,no,no,don't know / no data,Acholi,completed senior four,1-no ,no,yes,divorced/separated,yes,46,3TC-TDF-(NVP/EFV/AZT/LPVr/ATVr),no data,1,18,29,,12,1280,3TC-AZT-(NVP/EFV/LPVr/ATVr),3TC-TDF-(NVP/EFV/AZT/LPVr/ATVr)
577,30.0,F ,no,no,no,no,no,no ,Acholi,no formal education,2-yes ,no,yes,married/cohabiting,no,44,Acholi,2,1,29,30,207,207,965,3TC-TDF-(NVP/EFV/AZT/LPVr/ATVr),2
578,30.8,F ,no,no,no,yes ,no,no ,Acholi,completed senior four,1-no ,no,yes,widow/widowed,no,24,Acholi,3,1,47,30,402,500,481,3TC-TDF-(NVP/EFV/AZT/LPVr/ATVr),3
579,37.4,F ,no,yes,no,yes ,no,don't know / no data,Acholi,no formal education,1-no ,no,yes,married/cohabiting,no,40,Acholi,no data,1,16,23,342,274,438,3TC-TDF-(NVP/EFV/AZT/LPVr/ATVr),no data
580,30.5,F ,no,yes,yes,no,no,don't know / no data,Acholi,qualification afther senior six,3-don't know / no data,no,yes,single,no,110,3TC-TDF-(NVP/EFV/AZT/LPVr/ATVr),3,1,8,24,132,132,696,3TC-AZT-(NVP/EFV/LPVr/ATVr),3TC-TDF-(NVP/EFV/AZT/LPVr/ATVr)
581,44.0,F ,no,no,no,yes ,no,no ,Acholi,no formal education,1-no ,no,yes,widow/widowed,yes,104,3TC-TDF-(NVP/EFV/AZT/LPVr/ATVr),3,2,19,24,99,99,520,FTC-TDF-(NVP/EFV/LPVr),3TC-TDF-(NVP/EFV/AZT/LPVr/ATVr)
582,57.4,F ,no,no,no,no,no,no ,Acholi,no formal education,1-no ,no,yes,widow/widowed,no,20,Acholi,1,1,21,36,240,240,441,3TC-TDF-(NVP/EFV/AZT/LPVr/ATVr),1
584,42.1,m,no,no,no,no,no,don't know / no data,Other / no data,completed senior four,1-no ,no,yes,married/cohabiting,yes,18,Other / no data,1,1,55,42,563,460,616,3TC-TDF-(NVP/EFV/AZT/LPVr/ATVr),1
585,45.1,m,no,no,no,yes ,no,no ,Acholi,no formal education,1-no ,no,yes,married/cohabiting,yes,65,3TC-TDF-(NVP/EFV/AZT/LPVr/ATVr),1,2,29,33,246,246,654,FTC-TDF-(NVP/EFV/LPVr),3TC-TDF-(NVP/EFV/AZT/LPVr/ATVr)
586,53.0,F ,no,no,no,no,no,no ,Other / no data,no formal education,1-no ,no,yes,widow/widowed,no,133,3TC-TDF-(NVP/EFV/AZT/LPVr/ATVr),4,2,19,24,285,222,624,FTC-TDF-(NVP/EFV/LPVr),3TC-TDF-(NVP/EFV/AZT/LPVr/ATVr)
587,39.0,F ,no,no,no,yes ,no,no ,Acholi,no formal education,1-no ,no,yes,married/cohabiting,no,119,3TC-TDF-(NVP/EFV/AZT/LPVr/ATVr),2,1,31,32,134,134,560,FTC-TDF-(NVP/EFV/LPVr),3TC-TDF-(NVP/EFV/AZT/LPVr/ATVr)
588,37.0,F ,no,yes,no,yes ,no,don't know / no data,Acholi,completed primary school,1-no ,no,yes,widow/widowed,no,51,Acholi,2,1,19,24,,63,552,3TC-TDF-(NVP/EFV/AZT/LPVr/ATVr),2
589,53.4,F ,no,yes,no,yes ,no,don't know / no data,Acholi,no formal education,1-no ,no,yes,widow/widowed,no,141,Acholi,3,1,23,31,110,110,287,3TC-TDF-(NVP/EFV/AZT/LPVr/ATVr),3
590,57.8,F ,no,no,no,yes ,no,don't know / no data,Acholi,no formal education,1-no ,no,yes,widow/widowed,yes,26,Acholi,1,2,16,19,52,52,403,3TC-TDF-(NVP/EFV/AZT/LPVr/ATVr),1
591,36.9,F ,no,no,no,yes ,no,don't know / no data,Acholi,no formal education,1-no ,no,yes,widow/widowed,no,120,3TC-TDF-(NVP/EFV/AZT/LPVr/ATVr),3,2,13,22,97,97,801,FTC-TDF-(NVP/EFV/LPVr),3TC-TDF-(NVP/EFV/AZT/LPVr/ATVr)
592,25.9,F ,no,no,no,no,no,no ,Acholi,no formal education,1-no ,no,yes,divorced/separated,no,35,Acholi,1,1,18,24,423,338,637,3TC-TDF-(NVP/EFV/AZT/LPVr/ATVr),1
593,40.6,m,no,yes,no,no,no,don't know / no data,Acholi,no formal education,3-don't know / no data,no,yes,married/cohabiting,yes,104,3TC-TDF-(NVP/EFV/AZT/LPVr/ATVr),2,1,34,32,195,195,453,FTC-TDF-(NVP/EFV/LPVr),3TC-TDF-(NVP/EFV/AZT/LPVr/ATVr)
594,48.0,F ,no,no,yes,no,no,no ,Acholi,no formal education,2-yes ,no,yes,divorced/separated,no,132,3TC-TDF-(NVP/EFV/AZT/LPVr/ATVr),3,1,26,30,188,188,700,FTC-TDF-(NVP/EFV/LPVr),3TC-TDF-(NVP/EFV/AZT/LPVr/ATVr)
595,37.8,F ,no,no,no,yes ,no,no ,Acholi,no formal education,1-no ,no,yes,married/cohabiting,yes,40,Acholi,2,2,40,30,428,261,525,3TC-TDF-(NVP/EFV/AZT/LPVr/ATVr),2
596,55.0,F ,no,no,no,yes ,no,don't know / no data,Acholi,no formal education,3-don't know / no data,no,yes,divorced/separated,no,99,3TC-TDF-(NVP/EFV/AZT/LPVr/ATVr),3,2,23,30,284,284,703,FTC-TDF-(NVP/EFV/LPVr),3TC-TDF-(NVP/EFV/AZT/LPVr/ATVr)
597,30.5,F ,no,no,no,no,no,don't know / no data,Acholi,no formal education,1-no ,no,yes,divorced/separated,yes,33,Acholi,1,1,30,28,365,243,740,3TC-AZT-(NVP/EFV/LPVr/ATVr),1
598,48.0,F ,no,no,no,yes ,no,no ,Acholi,no formal education,1-no ,no,yes,divorced/separated,no,118,Acholi,3,3,30,43,280,280,714,3TC-TDF-(NVP/EFV/AZT/LPVr/ATVr),3
600,42.1,m,no,no,no,yes ,no,no ,Acholi,completed senior six,3-don't know / no data,no,yes,married/cohabiting,no,75,3TC-TDF-(NVP/EFV/AZT/LPVr/ATVr),3,1,19,24,42,42,413,FTC-TDF-(NVP/EFV/LPVr),3TC-TDF-(NVP/EFV/AZT/LPVr/ATVr)
601,47.4,m,no,no,no,no,no,no ,Other / no data,no formal education,1-no ,no,yes,married/cohabiting,no,96,3TC-TDF-(NVP/EFV/AZT/LPVr/ATVr),3,3,,,394,449,475,FTC-TDF-(NVP/EFV/LPVr),3TC-TDF-(NVP/EFV/AZT/LPVr/ATVr)
602,21.9,F ,no,no,no,no,no,no ,Acholi,completed primary school,1-no ,no,yes,divorced/separated,no,57,Acholi,1,1,27,43,536,536,177,3TC-AZT-(NVP/EFV/LPVr/ATVr),1
604,60.0,F ,no,no,no,no,no,no ,Acholi,completed primary school,1-no ,no,yes,widow/widowed,no,109,3TC-TDF-(NVP/EFV/AZT/LPVr/ATVr),3,1,25,30,304,159,633,FTC-TDF-(NVP/EFV/LPVr),3TC-TDF-(NVP/EFV/AZT/LPVr/ATVr)
605,50.9,F ,no,no,no,yes ,no,no ,Acholi,no formal education,1-no ,no,yes,married/cohabiting,no,40,Acholi,1,1,29,54,356,203,386,3TC-TDF-(NVP/EFV/AZT/LPVr/ATVr),1
606,48.1,m,no,yes,no,no,no,no ,Acholi,no formal education,1-no ,no,yes,widow/widowed,no,109,3TC-TDF-(NVP/EFV/AZT/LPVr/ATVr),3,1,19,22,411,75,40,FTC-TDF-(NVP/EFV/LPVr),3TC-TDF-(NVP/EFV/AZT/LPVr/ATVr)
607,61.8,F ,no,no,no,no,no,no ,Acholi,qualification afther senior six,3-don't know / no data,no,yes,widow/widowed,yes,114,3TC-TDF-(NVP/EFV/AZT/LPVr/ATVr),3,1,22,26,223,223,576,FTC-TDF-(NVP/EFV/LPVr),3TC-TDF-(NVP/EFV/AZT/LPVr/ATVr)
608,16.6,F ,no,no,no,no,no,no ,Acholi,completed primary school,1-no ,no,yes,No data,no,25,Acholi,4,1,16,31,751,317,684,3TC-TDF-(NVP/EFV/AZT/LPVr/ATVr),4
609,42.0,F ,no,no,no,yes ,no,no ,Acholi,no formal education,1-no ,no,yes,widow/widowed,no,83,Acholi,2,2,18,32,,1053,623,3TC-TDF-(NVP/EFV/AZT/LPVr/ATVr),2
610,54.4,F ,no,yes,yes,yes ,no,no ,Acholi,no formal education,3-don't know / no data,no,yes,widow/widowed,no,109,3TC-TDF-(NVP/EFV/AZT/LPVr/ATVr),3,1,22,43,18,129,751,FTC-TDF-(NVP/EFV/LPVr),3TC-TDF-(NVP/EFV/AZT/LPVr/ATVr)
612,38.3,F ,no,no,no,no,no,don't know / no data,Acholi,no formal education,3-don't know / no data,no,yes,married/cohabiting,no,68,3TC-AZT-(NVP/EFV/LPVr/ATVr),2,1,17,31,555,318,1111,3TC-TDF-(NVP/EFV/AZT/LPVr/ATVr),3TC-AZT-(NVP/EFV/LPVr/ATVr)
613,48.1,F ,no,no,no,no,no,no ,Acholi,no formal education,1-no ,no,yes,married/cohabiting,no,31,Acholi,3,1,15,30,423,374,843,3TC-TDF-(NVP/EFV/AZT/LPVr/ATVr),3
614,32.1,F ,no,no,no,no,no,don't know / no data,Acholi,no formal education,3-don't know / no data,no,yes,divorced/separated,no,24,Acholi,3,2,21,28,396,283,475,3TC-TDF-(NVP/EFV/AZT/LPVr/ATVr),3
615,41.1,F ,no,no,no,yes ,no,don't know / no data,Acholi,no formal education,3-don't know / no data,no,yes,widow/widowed,no,66,3TC-TDF-(NVP/EFV/AZT/LPVr/ATVr),2,1,25,42,262,298,425,FTC-TDF-(NVP/EFV/LPVr),3TC-TDF-(NVP/EFV/AZT/LPVr/ATVr)
616,38.1,m,no,no,no,yes ,no,don't know / no data,Acholi,no formal education,3-don't know / no data,no,yes,married/cohabiting,no,25,Acholi,1,1,22,33,452,452,766,3TC-TDF-(NVP/EFV/AZT/LPVr/ATVr),1
617,46.3,m,no,yes,no,no,no,don't know / no data,Acholi,qualification afther senior six,1-no ,yes,yes,married/cohabiting,no,75,3TC-TDF-(NVP/EFV/AZT/LPVr/ATVr),1,1,21,34,,,931,FTC-TDF-(NVP/EFV/LPVr),3TC-TDF-(NVP/EFV/AZT/LPVr/ATVr)
618,34.1,F ,no,no,no,yes ,no,no ,Acholi,no formal education,1-no ,no,yes,married/cohabiting,no,54,Acholi,1,1,25,34,760,760,1063,3TC-TDF-(NVP/EFV/AZT/LPVr/ATVr),1
619,55.7,F ,no,no,no,yes ,no,no ,Acholi,no formal education,1-no ,no,yes,married/cohabiting,no,119,3TC-AZT-(NVP/EFV/LPVr/ATVr),3,1,,,175,175,289,3TC-TDF-(NVP/EFV/AZT/LPVr/ATVr),3TC-AZT-(NVP/EFV/LPVr/ATVr)
620,53.7,F ,no,no,no,no,no,no ,Acholi,completed primary school,3-don't know / no data,no,yes,widow/widowed,no,84,3TC-TDF-(NVP/EFV/AZT/LPVr/ATVr),2,2,14,36,229,229,206,3TC-AZT-(NVP/EFV/LPVr/ATVr),3TC-TDF-(NVP/EFV/AZT/LPVr/ATVr)
621,36.7,F ,no,no,no,yes ,no,don't know / no data,Other / no data,no formal education,3-don't know / no data,no,yes,married/cohabiting,no,118,3TC-TDF-(NVP/EFV/AZT/LPVr/ATVr),2,1,23,28,285,191,437,FTC-TDF-(NVP/EFV/LPVr),3TC-TDF-(NVP/EFV/AZT/LPVr/ATVr)
622,44.3,F ,no,no,no,no,no,don't know / no data,Acholi,no formal education,3-don't know / no data,no,yes,divorced/separated,no,69,Acholi,no data,1,34,45,447,241,950,3TC-TDF-(NVP/EFV/AZT/LPVr/ATVr),no data
623,40.8,F ,no,no,no,no,no,no ,Acholi,no formal education,2-yes ,no,yes,married/cohabiting,no,137,3TC-TDF-(NVP/EFV/AZT/LPVr/ATVr),1,1,12,21,,116,755,FTC-TDF-(NVP/EFV/LPVr),3TC-TDF-(NVP/EFV/AZT/LPVr/ATVr)
624,52.4,m,no,no,no,no,no,don't know / no data,Acholi,completed primary school,3-don't know / no data,no,yes,married/cohabiting,no,79,Acholi,2,2,28,32,191,191,278,3TC-TDF-(NVP/EFV/AZT/LPVr/ATVr),2
625,37.0,m,no,no,no,yes ,no,don't know / no data,Acholi,completed senior four,1-no ,yes,yes,married/cohabiting,no,69,3TC-TDF-(NVP/EFV/AZT/LPVr/ATVr),2,2,31,32,311,311,526,FTC-TDF-(NVP/EFV/LPVr),3TC-TDF-(NVP/EFV/AZT/LPVr/ATVr)
627,40.0,F ,no,no,no,no,no,no ,Acholi,completed senior six,1-no ,no,yes,married/cohabiting,no,89,3TC-TDF-(NVP/EFV/AZT/LPVr/ATVr),2,2,23,24,393,225,696,FTC-TDF-(NVP/EFV/LPVr),3TC-TDF-(NVP/EFV/AZT/LPVr/ATVr)
628,36.7,F ,no,no,no,yes ,no,no ,Acholi,no formal education,1-no ,no,yes,widow/widowed,no,73,3TC-TDF-(NVP/EFV/AZT/LPVr/ATVr),3,2,24,26,,322,1044,FTC-TDF-(NVP/EFV/LPVr),3TC-TDF-(NVP/EFV/AZT/LPVr/ATVr)
629,39.5,m,no,no,no,yes ,yes,no ,Acholi,completed primary school,2-yes ,no,yes,married/cohabiting,no,48,3TC-TDF-(NVP/EFV/AZT/LPVr/ATVr),2,1,34,36,711,151,391,FTC-TDF-(NVP/EFV/LPVr),3TC-TDF-(NVP/EFV/AZT/LPVr/ATVr)
630,31.7,F ,no,yes,no,yes ,no,no ,Acholi,completed primary school,2-yes ,no,yes,married/cohabiting,no,49,Acholi,3,1,20,26,1035,67,601,3TC-TDF-(NVP/EFV/AZT/LPVr/ATVr),3
631,48.0,F ,no,no,no,yes ,no,no ,Acholi,no formal education,1-no ,no,yes,widow/widowed,no,119,3TC-TDF-(NVP/EFV/AZT/LPVr/ATVr),no data,2,10,25,,204,426,FTC-TDF-(NVP/EFV/LPVr),3TC-TDF-(NVP/EFV/AZT/LPVr/ATVr)
632,41.0,F ,no,no,no,yes ,no,no ,Acholi,No data,1-no ,no,yes,widow/widowed,no,42,Acholi,3,1,19,19,10,10,289,3TC-TDF-(NVP/EFV/AZT/LPVr/ATVr),3
633,43.0,F ,no,yes,no,no,no,no ,Acholi,no formal education,1-no ,no,yes,married/cohabiting,no,133,3TC-TDF-(NVP/EFV/AZT/LPVr/ATVr),4,1,20,34,,164,561,3TC-AZT-(NVP/EFV/LPVr/ATVr),3TC-TDF-(NVP/EFV/AZT/LPVr/ATVr)
634,60.7,F ,no,no,no,yes ,no,no ,Acholi,no formal education,3-don't know / no data,no,yes,widow/widowed,no,99,3TC-TDF-(NVP/EFV/AZT/LPVr/ATVr),2,2,21,25,518,,,FTC-TDF-(NVP/EFV/LPVr),3TC-TDF-(NVP/EFV/AZT/LPVr/ATVr)
635,44.8,F ,no,no,no,no,no,no ,Acholi,no formal education,1-no ,no,yes,widow/widowed,no,48,3TC-TDF-(NVP/EFV/AZT/LPVr/ATVr),2,2,17,35,,236,516,3TC-TDF-(NVP/EFV/AZT/LPVr/ATVr),3TC-TDF-(NVP/EFV/AZT/LPVr/ATVr)
636,30.0,F ,no,no,no,yes ,no,no ,Acholi,no formal education,1-no ,no,yes,married/cohabiting,yes,107,3TC-TDF-(NVP/EFV/AZT/LPVr/ATVr),3,1,27,34,195,145,762,FTC-TDF-(NVP/EFV/LPVr),3TC-TDF-(NVP/EFV/AZT/LPVr/ATVr)
637,40.0,F ,no,no,no,no,no,no ,Acholi,completed primary school,1-no ,no,yes,married/cohabiting,yes,89,Acholi,1,1,22,21,794,797,1292,3TC-AZT-(NVP/EFV/LPVr/ATVr),1
638,53.4,m,no,yes,no,yes ,no,no ,Acholi,completed senior four,1-no ,no,yes,married/cohabiting,no,47,Acholi,3,1,31,36,38,38,290,3TC-TDF-(NVP/EFV/AZT/LPVr/ATVr),3
639,61.6,m,no,no,no,yes ,no,no ,Acholi,qualification afther senior six,2-yes ,yes,yes,married/cohabiting,no,95,3TC-TDF-(NVP/EFV/AZT/LPVr/ATVr),1,1,31,32,,160,459,FTC-TDF-(NVP/EFV/LPVr),3TC-TDF-(NVP/EFV/AZT/LPVr/ATVr)
640,41.5,F ,no,no,no,no,no,no ,Other / no data,completed primary school,1-no ,no,yes,widow/widowed,no,26,Other / no data,1,1,16,19,499,261,570,3TC-TDF-(NVP/EFV/AZT/LPVr/ATVr),1
641,33.8,m,no,no,no,no,no,no ,Other / no data,completed senior four,3-don't know / no data,no,yes,married/cohabiting,no,38,Other / no data,no data,1,30,47,194,54,157,3TC-TDF-(NVP/EFV/AZT/LPVr/ATVr),no data
642,34.0,F ,no,no,no,yes ,no,no ,Acholi,completed senior four,1-no ,no,yes,divorced/separated,no,62,3TC-TDF-(NVP/EFV/AZT/LPVr/ATVr),2,1,32,65,501,267,632,FTC-TDF-(NVP/EFV/LPVr),3TC-TDF-(NVP/EFV/AZT/LPVr/ATVr)
643,31.7,F ,no,no,yes,yes ,no,no ,Acholi,no formal education,3-don't know / no data,no,yes,divorced/separated,no,4,Acholi,3,3,23,24,174,174,386,3TC-TDF-(NVP/EFV/AZT/LPVr/ATVr),3
644,54.1,F ,no,no,no,yes ,no,don't know / no data,Acholi,no formal education,1-no ,no,yes,widow/widowed,no,97,3TC-TDF-(NVP/EFV/AZT/LPVr/ATVr),3,2,22,28,80,335,579,FTC-TDF-(NVP/EFV/LPVr),3TC-TDF-(NVP/EFV/AZT/LPVr/ATVr)
645,42.1,m,no,yes,no,no,no,don't know / no data,Acholi,completed senior six,1-no ,no,yes,married/cohabiting,no,120,Acholi,4,1,28,55,,,549,3TC-TDF-(NVP/EFV/AZT/LPVr/ATVr),4
646,31.7,F ,no,no,no,no,no,no ,Acholi,no formal education,1-no ,no,yes,married/cohabiting,no,42,Acholi,2,1,26,33,806,252,793,3TC-TDF-(NVP/EFV/AZT/LPVr/ATVr),2
647,42.6,F ,no,no,no,no,no,don't know / no data,Acholi,qualification afther senior six,2-yes ,no,yes,single,no,164,3TC-TDF-(NVP/EFV/AZT/LPVr/ATVr),2,2,23,27,169,169,459,FTC-TDF-(NVP/EFV/LPVr),3TC-TDF-(NVP/EFV/AZT/LPVr/ATVr)
649,38.0,F ,no,no,no,no,no,no ,Acholi,completed primary school,1-no ,no,yes,divorced/separated,no,109,3TC-TDF-(NVP/EFV/AZT/LPVr/ATVr),3,1,22,26,12,12,1056,3TC-TDF-(NVP/EFV/AZT/LPVr/ATVr),3TC-TDF-(NVP/EFV/AZT/LPVr/ATVr)
650,41.7,F ,no,no,no,no,no,don't know / no data,Acholi,completed primary school,1-no ,no,yes,divorced/separated,no,119,3TC-TDF-(NVP/EFV/AZT/LPVr/ATVr),3,2,19,29,,,394,FTC-TDF-(NVP/EFV/LPVr),3TC-TDF-(NVP/EFV/AZT/LPVr/ATVr)
651,52.6,F ,no,no,no,yes ,no,no ,Acholi,completed primary school,1-no ,no,yes,widow/widowed,no,99,3TC-TDF-(NVP/EFV/AZT/LPVr/ATVr),3,1,33,50,,164,,FTC-TDF-(NVP/EFV/LPVr),3TC-TDF-(NVP/EFV/AZT/LPVr/ATVr)
652,52.5,F ,no,no,no,yes ,no,don't know / no data,Acholi,no formal education,3-don't know / no data,no,yes,divorced/separated,no,50,Acholi,3,2,25,24,593,252,503,3TC-TDF-(NVP/EFV/AZT/LPVr/ATVr),3
653,46.8,F ,no,no,no,yes ,no,no ,Acholi,no formal education,1-no ,no,yes,divorced/separated,no,65,Acholi,2,1,15,17,100,100,355,3TC-TDF-(NVP/EFV/AZT/LPVr/ATVr),2
654,39.1,F ,no,no,no,no,no,don't know / no data,Acholi,completed primary school,3-don't know / no data,no,yes,married/cohabiting,no,25,Acholi,3,1,53,56,334,334,899,3TC-TDF-(NVP/EFV/AZT/LPVr/ATVr),3
655,47.6,F ,no,no,no,no,no,don't know / no data,Acholi,no formal education,3-don't know / no data,no,yes,widow/widowed,no,140,3TC-TDF-(NVP/EFV/AZT/LPVr/ATVr),2,2,14,23,169,169,806,FTC-TDF-(NVP/EFV/LPVr),3TC-TDF-(NVP/EFV/AZT/LPVr/ATVr)
656,52.1,m,no,no,no,yes ,no,no ,Acholi,completed primary school,1-no ,no,yes,married/cohabiting,no,23,Acholi,2,1,32,32,21,21,211,3TC-TDF-(NVP/EFV/AZT/LPVr/ATVr),2
657,41.5,F ,no,no,no,yes ,no,no ,Other / no data,no formal education,3-don't know / no data,no,yes,married/cohabiting,no,81,Other / no data,1,1,30,40,7,7,942,3TC-AZT-(NVP/EFV/LPVr/ATVr),1
658,24.0,F ,no,no,no,yes ,no,no ,Acholi,no formal education,1-no ,no,yes,divorced/separated,no,41,Acholi,1,1,23,36,699,319,611,3TC-TDF-(NVP/EFV/AZT/LPVr/ATVr),1
659,58.4,F ,no,no,no,yes ,no,no ,Acholi,no formal education,1-no ,no,yes,widow/widowed,no,119,3TC-TDF-(NVP/EFV/AZT/LPVr/ATVr),2,1,24,36,,,887,FTC-TDF-(NVP/EFV/LPVr),3TC-TDF-(NVP/EFV/AZT/LPVr/ATVr)
660,47.4,F ,no,no,yes,yes ,no,don't know / no data,Lango,no formal education,3-don't know / no data,no,yes,divorced/separated,no,93,3TC-TDF-(NVP/EFV/AZT/LPVr/ATVr),3,2,16,27,,241,560,FTC-TDF-(NVP/EFV/LPVr),3TC-TDF-(NVP/EFV/AZT/LPVr/ATVr)
661,12.8,F ,no,no,no,yes ,no,don't know / no data,Acholi,No data,3-don't know / no data,no,yes,No data,no,101,Acholi,3,1,20,34,,425,646,3TC-AZT-(NVP/EFV/LPVr/ATVr),3
662,55.8,F ,no,no,no,no,no,don't know / no data,Acholi,no formal education,1-no ,no,yes,divorced/separated,no,27,Acholi,2,1,33,40,446,478,471,3TC-TDF-(NVP/EFV/AZT/LPVr/ATVr),2
663,47.6,F ,no,no,no,no,no,don't know / no data,Acholi,completed primary school,3-don't know / no data,no,yes,divorced/separated,no,110,Acholi,3,1,29,37,,163,746,3TC-TDF-(NVP/EFV/AZT/LPVr/ATVr),3
664,46.0,F ,no,no,no,no,no,don't know / no data,Acholi,completed primary school,3-don't know / no data,no,yes,divorced/separated,no,110,3TC-TDF-(NVP/EFV/AZT/LPVr/ATVr),2,1,21,34,165,165,454,3TC-TDF-(NVP/EFV/AZT/LPVr/ATVr),3TC-TDF-(NVP/EFV/AZT/LPVr/ATVr)
669,27.1,F ,no,no,no,yes ,no,no ,Acholi,completed primary school,1-no ,no,yes,married/cohabiting,no,67,3TC-TDF-(NVP/EFV/AZT/LPVr/ATVr),2,1,22,28,652,330,563,FTC-TDF-(NVP/EFV/LPVr),3TC-TDF-(NVP/EFV/AZT/LPVr/ATVr)
670,34.1,F ,no,no,no,no,no,don't know / no data,Acholi,completed senior four,3-don't know / no data,no,yes,married/cohabiting,no,85,Acholi,1,1,20,22,,336,726,3TC-TDF-(NVP/EFV/AZT/LPVr/ATVr),1
671,47.0,F ,no,no,no,no,no,don't know / no data,Acholi,no formal education,3-don't know / no data,no,yes,married/cohabiting,no,26,Acholi,1,1,20,29,1473,359,690,3TC-TDF-(NVP/EFV/AZT/LPVr/ATVr),1
672,33.3,F ,no,no,no,no,no,don't know / no data,Lango,completed senior four,3-don't know / no data,no,yes,divorced/separated,no,38,Lango,1,1,20,30,,,684,3TC-TDF-(NVP/EFV/AZT/LPVr/ATVr),1
673,24.5,m,no,yes,no,no,no,don't know / no data,Acholi,qualification afther senior six,2-yes ,no,yes,No data,no,18,Acholi,3,3,21,28,50,50,200,3TC-TDF-(NVP/EFV/AZT/LPVr/ATVr),3
674,13.9,F ,no,no,no,no,no,no ,Acholi,completed primary school,1-no ,no,yes,single,no,134,3TC-AZT-(NVP/EFV/LPVr/ATVr),2,1,13,24,688,688,539,3TC-D4T-(NVP/EFV/LPVr),3TC-AZT-(NVP/EFV/LPVr/ATVr)
676,43.4,F ,no,no,no,yes ,no,no ,Acholi,completed senior four,1-no ,no,yes,widow/widowed,no,131,3TC-TDF-(NVP/EFV/AZT/LPVr/ATVr),2,2,13,30,79,79,416,FTC-TDF-(NVP/EFV/LPVr),3TC-TDF-(NVP/EFV/AZT/LPVr/ATVr)
677,34.7,F ,no,no,no,yes ,no,don't know / no data,Acholi,no formal education,3-don't know / no data,no,yes,divorced/separated,no,63,Acholi,1,1,19,28,317,317,612,3TC-TDF-(NVP/EFV/AZT/LPVr/ATVr),1
678,42.0,F ,no,no,no,yes ,no,don't know / no data,Acholi,no formal education,1-no ,no,yes,married/cohabiting,no,19,Acholi,2,2,23,35,172,172,293,3TC-TDF-(NVP/EFV/AZT/LPVr/ATVr),2
679,36.2,F ,no,no,no,no,no,no ,Acholi,no formal education,1-no ,no,yes,divorced/separated,no,37,Acholi,1,1,14,27,452,452,740,3TC-TDF-(NVP/EFV/AZT/LPVr/ATVr),1
680,22.1,F ,no,no,no,yes ,no,no ,Lango,no formal education,1-no ,no,yes,widow/widowed,no,19,Lango,1,1,20,43,879,219,376,3TC-TDF-(NVP/EFV/AZT/LPVr/ATVr),1
681,64.0,m,no,no,no,no,no,don't know / no data,Acholi,completed senior six,1-no ,no,yes,married/cohabiting,no,117,3TC-AZT-(NVP/EFV/LPVr/ATVr),3,2,13,23,242,242,985,3TC-D4T-(NVP/EFV/LPVr),3TC-AZT-(NVP/EFV/LPVr/ATVr)
682,40.9,F ,no,no,no,no,no,don't know / no data,Acholi,no formal education,3-don't know / no data,no,yes,married/cohabiting,no,120,3TC-TDF-(NVP/EFV/AZT/LPVr/ATVr),2,2,22,25,260,260,736,FTC-TDF-(NVP/EFV/LPVr),3TC-TDF-(NVP/EFV/AZT/LPVr/ATVr)
683,39.7,F ,no,no,no,yes ,no,don't know / no data,Acholi,no formal education,1-no ,no,yes,widow/widowed,no,104,3TC-TDF-(NVP/EFV/AZT/LPVr/ATVr),3,1,19,33,18,18,244,FTC-TDF-(NVP/EFV/LPVr),3TC-TDF-(NVP/EFV/AZT/LPVr/ATVr)
684,33.7,F ,no,no,no,no,no,no ,Acholi,no formal education,1-no ,no,yes,married/cohabiting,no,44,Acholi,2,1,22,38,176,176,750,3TC-TDF-(NVP/EFV/AZT/LPVr/ATVr),2
685,33.2,F ,no,no,no,yes ,no,no ,Acholi,completed primary school,3-don't know / no data,no,yes,married/cohabiting,no,26,Acholi,2,1,26,34,460,426,712,3TC-TDF-(NVP/EFV/AZT/LPVr/ATVr),2
686,41.1,F ,no,no,no,yes ,no,no ,Acholi,completed primary school,1-no ,no,yes,married/cohabiting,no,90,3TC-TDF-(NVP/EFV/AZT/LPVr/ATVr),2,2,15,34,429,319,955,FTC-TDF-(NVP/EFV/LPVr),3TC-TDF-(NVP/EFV/AZT/LPVr/ATVr)
687,47.3,F ,no,no,no,yes ,no,no ,Acholi,no formal education,3-don't know / no data,no,yes,widow/widowed,no,97,3TC-TDF-(NVP/EFV/AZT/LPVr/ATVr),2,1,34,42,385,372,813,FTC-TDF-(NVP/EFV/LPVr),3TC-TDF-(NVP/EFV/AZT/LPVr/ATVr)
688,41.0,F ,no,no,no,yes ,no,don't know / no data,Acholi,no formal education,3-don't know / no data,no,yes,married/cohabiting,no,44,Acholi,1,1,26,36,1052,1052,676,3TC-TDF-(NVP/EFV/AZT/LPVr/ATVr),1
689,36.2,F ,no,no,no,yes ,no,don't know / no data,Acholi,no formal education,1-no ,no,yes,divorced/separated,no,134,3TC-TDF-(NVP/EFV/AZT/LPVr/ATVr),3,1,24,34,40,40,460,FTC-TDF-(NVP/EFV/LPVr),3TC-TDF-(NVP/EFV/AZT/LPVr/ATVr)
690,53.9,F ,no,no,no,no,no,no ,Other / no data,no formal education,1-no ,no,yes,widow/widowed,no,84,3TC-TDF-(NVP/EFV/AZT/LPVr/ATVr),2,2,24,36,416,416,157,FTC-TDF-(NVP/EFV/LPVr),3TC-TDF-(NVP/EFV/AZT/LPVr/ATVr)
691,43.3,F ,no,no,no,yes ,no,don't know / no data,Acholi,no formal education,3-don't know / no data,no,yes,divorced/separated,no,28,Acholi,4,2,20,19,231,231,108,3TC-TDF-(NVP/EFV/AZT/LPVr/ATVr),4
692,18.0,m,no,no,yes,no,no,no ,Acholi,completed primary school,1-no ,no,yes,single,no,26,Acholi,1,1,37,46,73,73,301,3TC-TDF-(NVP/EFV/AZT/LPVr/ATVr),1
693,56.1,m,no,no,no,no,no,don't know / no data,Acholi,completed primary school,3-don't know / no data,no,yes,widow/widowed,no,113,Acholi,1,1,20,32,,,1076,3TC-AZT-(NVP/EFV/LPVr/ATVr),1
694,36.8,m,no,no,no,yes ,no,don't know / no data,Acholi,no formal education,3-don't know / no data,no,yes,widow/widowed,no,121,Acholi,1,1,22,30,352,274,605,3TC-TDF-(NVP/EFV/AZT/LPVr/ATVr),1
695,32.3,F ,no,yes,no,no,no,don't know / no data,Acholi,completed senior four,3-don't know / no data,no,yes,widow/widowed,no,29,Acholi,4,no data,26,38,1,1,685,3TC-TDF-(NVP/EFV/AZT/LPVr/ATVr),4
696,23.7,m,no,no,no,no,no,don't know / no data,Acholi,no formal education,1-no ,no,yes,single,no,109,3TC-TDF-(NVP/EFV/AZT/LPVr/ATVr),4,1,21,39,66,66,516,3TC-D4T-(NVP/EFV/LPVr),3TC-TDF-(NVP/EFV/AZT/LPVr/ATVr)
697,19.4,m,no,no,no,no,no,don't know / no data,Acholi,completed senior four,1-no ,no,yes,single,no,103,3TC-TDF-(NVP/EFV/AZT/LPVr/ATVr),2,1,79,107,20,20,,3TC-AZT-(NVP/EFV/LPVr/ATVr),3TC-TDF-(NVP/EFV/AZT/LPVr/ATVr)
698,34.0,F ,no,no,no,yes ,no,don't know / no data,Acholi,no formal education,3-don't know / no data,no,yes,married/cohabiting,yes,32,Acholi,2,2,27,32,862,254,649,3TC-TDF-(NVP/EFV/AZT/LPVr/ATVr),2
699,47.8,F ,no,no,no,yes ,no,don't know / no data,Acholi,completed primary school,1-no ,no,yes,divorced/separated,no,82,Acholi,3,1,16,27,508,508,1099,3TC-AZT-(NVP/EFV/LPVr/ATVr),3
700,61.2,F ,no,no,no,yes ,no,don't know / no data,Acholi,completed primary school,3-don't know / no data,no,yes,widow/widowed,no,114,3TC-TDF-(NVP/EFV/AZT/LPVr/ATVr),1,1,28,43,236,236,413,FTC-TDF-(NVP/EFV/LPVr),3TC-TDF-(NVP/EFV/AZT/LPVr/ATVr)
701,37.7,m,no,no,no,yes ,no,no ,Acholi,no formal education,1-no ,no,yes,married/cohabiting,no,48,Acholi,1,1,24,40,289,289,486,3TC-TDF-(NVP/EFV/AZT/LPVr/ATVr),1
702,35.8,F ,no,yes,no,yes ,no,no ,Acholi,no formal education,1-no ,no,yes,divorced/separated,no,114,3TC-TDF-(NVP/EFV/AZT/LPVr/ATVr),3,1,15,28,59,59,995,FTC-TDF-(NVP/EFV/LPVr),3TC-TDF-(NVP/EFV/AZT/LPVr/ATVr)
703,50.0,F ,no,yes,no,no,no,no ,Other / no data,no formal education,1-no ,no,yes,married/cohabiting,no,16,Other / no data,3,2,25,52,564,424,422,3TC-TDF-(NVP/EFV/AZT/LPVr/ATVr),3
704,41.5,F ,no,no,no,yes ,no,no ,Acholi,completed primary school,1-no ,no,yes,married/cohabiting,no,110,3TC-TDF-(NVP/EFV/AZT/LPVr/ATVr),4,1,28,31,197,197,462,FTC-TDF-(NVP/EFV/LPVr),3TC-TDF-(NVP/EFV/AZT/LPVr/ATVr)
705,34.0,F ,no,no,no,no,no,don't know / no data,Acholi,completed primary school,1-no ,no,yes,divorced/separated,no,26,Acholi,1,2,35,46,287,282,658,3TC-TDF-(NVP/EFV/AZT/LPVr/ATVr),1
706,44.8,m,no,yes,no,no,no,no ,Acholi,qualification afther senior six,1-no ,no,yes,married/cohabiting,yes,53,3TC-AZT-(NVP/EFV/LPVr/ATVr),4,1,31,74,12,12,,3TC-TDF-(NVP/EFV/AZT/LPVr/ATVr),3TC-AZT-(NVP/EFV/LPVr/ATVr)
708,54.3,F ,no,no,no,yes ,no,don't know / no data,Acholi,no formal education,3-don't know / no data,no,yes,widow/widowed,no,78,3TC-TDF-(NVP/EFV/AZT/LPVr/ATVr),3,1,17,28,670,223,617,FTC-TDF-(NVP/EFV/LPVr),3TC-TDF-(NVP/EFV/AZT/LPVr/ATVr)
709,42.7,F ,no,no,no,yes ,no,don't know / no data,Acholi,no formal education,3-don't know / no data,no,yes,married/cohabiting,no,51,3TC-TDF-(NVP/EFV/AZT/LPVr/ATVr),1,1,31,42,397,319,1085,FTC-TDF-(NVP/EFV/LPVr),3TC-TDF-(NVP/EFV/AZT/LPVr/ATVr)
710,33.2,F ,no,no,no,yes ,no,no ,Acholi,completed senior four,1-no ,no,yes,married/cohabiting,no,31,Acholi,2,1,70,83,506,414,670,3TC-TDF-(NVP/EFV/AZT/LPVr/ATVr),2
711,16.0,F ,no,no,no,no,no,no ,Acholi,completed primary school,1-no ,no,yes,single,no,75,Acholi,2,1,26,36,217,217,500,3TC-AZT-(NVP/EFV/LPVr/ATVr),2
712,12.4,m,no,no,no,no,no,don't know / no data,Acholi,completed primary school,1-no ,no,yes,single,no,161,3TC-AZT-(NVP/EFV/LPVr/ATVr),3,1,25,49,192,192,907,3TC-AZT-(NVP/EFV/LPVr/ATVr),3TC-AZT-(NVP/EFV/LPVr/ATVr)
713,16.2,F ,no,yes,no,no,no,no ,Acholi,completed primary school,1-no ,no,yes,No data,no,118,Acholi,3,2,48,46,91,91,948,3TC-AZT-(NVP/EFV/LPVr/ATVr),3
714,14.1,F ,no,no,no,yes ,no,don't know / no data,Acholi,no formal education,3-don't know / no data,no,yes,single,no,136,Acholi,3,1,24,52,561,561,,3TC-AZT-(NVP/EFV/LPVr/ATVr),3
715,57.5,m,no,no,yes,yes ,no,don't know / no data,Lango,qualification afther senior six,1-no ,no,yes,married/cohabiting,no,72,3TC-TDF-(NVP/EFV/AZT/LPVr/ATVr),2,1,40,38,211,211,284,FTC-TDF-(NVP/EFV/LPVr),3TC-TDF-(NVP/EFV/AZT/LPVr/ATVr)
716,20.0,m,no,no,no,no,no,don't know / no data,Lango,completed senior four,1-no ,no,yes,No data,no,86,Lango,1,1,26,36,185,185,412,3TC-AZT-(NVP/EFV/LPVr/ATVr),1
717,32.3,m,no,no,yes,yes ,no,no ,Lango,completed senior four,1-no ,no,yes,No data,yes,55,Lango,2,1,35,49,237,237,226,3TC-TDF-(NVP/EFV/AZT/LPVr/ATVr),2
718,39.5,F ,no,no,no,yes ,no,don't know / no data,Acholi,no formal education,1-no ,no,yes,married/cohabiting,no,39,Acholi,2,1,21,27,459,273,685,3TC-TDF-(NVP/EFV/AZT/LPVr/ATVr),2
719,48.7,F ,no,no,no,yes ,no,no ,Acholi,No data,1-no ,no,yes,widow/widowed,no,106,3TC-TDF-(NVP/EFV/AZT/LPVr/ATVr),2,1,21,35,,219,1053,FTC-TDF-(NVP/EFV/LPVr),3TC-TDF-(NVP/EFV/AZT/LPVr/ATVr)
720,42.8,F ,no,no,no,no,no,no ,Acholi,completed primary school,1-no ,no,yes,widow/widowed,no,120,Acholi,3,1,21,25,112,112,769,3TC-TDF-(NVP/EFV/AZT/LPVr/ATVr),3
721,29.7,F ,no,no,no,no,yes,no ,Acholi,no formal education,1-no ,no,yes,married/cohabiting,yes,85,Acholi,1,1,28,38,128,128,316,3TC-TDF-(NVP/EFV/AZT/LPVr/ATVr),1
722,51.0,F ,no,no,no,no,no,no ,Acholi,no formal education,1-no ,no,yes,married/cohabiting,no,106,3TC-TDF-(NVP/EFV/AZT/LPVr/ATVr),2,1,35,48,,216,512,FTC-TDF-(NVP/EFV/LPVr),3TC-TDF-(NVP/EFV/AZT/LPVr/ATVr)
723,59.0,m,no,no,no,yes ,no,no ,Acholi,completed primary school,1-no ,no,yes,widow/widowed,no,119,3TC-AZT-(NVP/EFV/LPVr/ATVr),3,1,12,22,,278,307,FTC-TDF-(NVP/EFV/LPVr),3TC-AZT-(NVP/EFV/LPVr/ATVr)
724,47.0,F ,no,no,no,no,no,no ,Other / no data,no formal education,1-no ,no,yes,married/cohabiting,no,75,Other / no data,1,1,16,24,432,260,739,3TC-TDF-(NVP/EFV/AZT/LPVr/ATVr),1
725,37.0,m,no,no,no,yes ,no,no ,Acholi,qualification afther senior six,1-no ,no,yes,divorced/separated,no,42,Acholi,1,1,17,25,3,3,428,3TC-TDF-(NVP/EFV/AZT/LPVr/ATVr),1
726,38.4,m,no,no,yes,yes ,no,no ,Acholi,completed primary school,1-no ,no,yes,married/cohabiting,no,77,Acholi,3,1,12,20,409,344,729,3TC-TDF-(NVP/EFV/AZT/LPVr/ATVr),3
727,36.9,m,no,no,no,no,no,don't know / no data,Acholi,qualification afther senior six,1-no ,no,yes,married/cohabiting,yes,17,Acholi,4,1,30,30,700,13,440,3TC-TDF-(NVP/EFV/AZT/LPVr/ATVr),4
728,13.0,F ,no,no,no,yes ,no,don't know / no data,Acholi,no formal education,1-no ,no,yes,No data,yes,94,3TC-AZT-(NVP/EFV/LPVr/ATVr),1,1,16,20,1233,1233,727,3TC-AZT-(NVP/EFV/LPVr/ATVr),3TC-AZT-(NVP/EFV/LPVr/ATVr)
729,44.8,m,no,no,no,yes ,no,no ,Acholi,completed primary school,2-yes ,no,yes,married/cohabiting,no,100,3TC-TDF-(NVP/EFV/AZT/LPVr/ATVr),2,1,36,41,343,343,399,FTC-TDF-(NVP/EFV/LPVr),3TC-TDF-(NVP/EFV/AZT/LPVr/ATVr)
730,36.3,m,no,no,no,yes ,no,no ,Acholi,completed senior four,2-yes ,no,yes,married/cohabiting,no,17,3TC-TDF-(NVP/EFV/AZT/LPVr/ATVr),3,2,16,23,235,235,459,3TC-TDF-(NVP/EFV/AZT/LPVr/ATVr),3TC-TDF-(NVP/EFV/AZT/LPVr/ATVr)
731,47.0,F ,no,no,no,yes ,no,no ,Acholi,no formal education,1-no ,no,yes,married/cohabiting,no,21,Acholi,2,2,39,45,,376,1053,3TC-TDF-(NVP/EFV/AZT/LPVr/ATVr),2
732,28.0,F ,no,no,no,no,no,no ,Acholi,no formal education,1-no ,no,yes,married/cohabiting,no,84,3TC-TDF-(NVP/EFV/AZT/LPVr/ATVr),3,1,43,45,309,309,479,FTC-TDF-(NVP/EFV/LPVr),3TC-TDF-(NVP/EFV/AZT/LPVr/ATVr)
733,40.0,F ,no,no,no,no,no,no ,Acholi,no formal education,1-no ,no,yes,married/cohabiting,no,67,Acholi,2,1,24,32,270,270,,3TC-TDF-(NVP/EFV/AZT/LPVr/ATVr),2
734,44.2,F ,no,no,no,yes ,no,no ,Acholi,no formal education,1-no ,no,yes,married/cohabiting,no,111,3TC-TDF-(NVP/EFV/AZT/LPVr/ATVr),3,1,41,41,22,22,516,FTC-TDF-(NVP/EFV/LPVr),3TC-TDF-(NVP/EFV/AZT/LPVr/ATVr)
735,25.0,F ,no,no,no,no,no,no ,Acholi,No data,1-no ,no,yes,married/cohabiting,yes,99,3TC-TDF-(NVP/EFV/AZT/LPVr/ATVr),3,1,39,30,,32,606,3TC-TDF-(NVP/EFV/AZT/LPVr/ATVr),3TC-TDF-(NVP/EFV/AZT/LPVr/ATVr)
736,56.0,F ,no,no,no,yes ,no,no ,Acholi,no formal education,1-no ,no,yes,widow/widowed,no,64,3TC-TDF-(NVP/EFV/AZT/LPVr/ATVr),2,2,14,25,199,199,314,FTC-TDF-(NVP/EFV/LPVr),3TC-TDF-(NVP/EFV/AZT/LPVr/ATVr)
737,52.8,m,no,no,no,yes ,no,no ,Acholi,completed primary school,1-no ,no,yes,married/cohabiting,no,70,3TC-TDF-(NVP/EFV/AZT/LPVr/ATVr),2,2,48,39,339,213,617,FTC-TDF-(NVP/EFV/LPVr),3TC-TDF-(NVP/EFV/AZT/LPVr/ATVr)
738,57.0,F ,no,no,no,no,no,no ,Acholi,no formal education,1-no ,no,yes,married/cohabiting,yes,97,Acholi,3,2,16,21,789,789,661,3TC-AZT-(NVP/EFV/LPVr/ATVr),3
739,29.5,F ,no,no,no,yes ,no,don't know / no data,Acholi,completed primary school,1-no ,no,yes,married/cohabiting,no,63,3TC-TDF-(NVP/EFV/AZT/LPVr/ATVr),2,1,19,23,544,306,1322,FTC-TDF-(NVP/EFV/LPVr),3TC-TDF-(NVP/EFV/AZT/LPVr/ATVr)
740,34.2,F ,no,no,no,no,no,don't know / no data,Acholi,completed senior four,1-no ,no,yes,married/cohabiting,no,117,Acholi,3,1,14,21,147,147,627,3TC-AZT-(NVP/EFV/LPVr/ATVr),3
741,34.4,F ,no,no,yes,yes ,no,no ,Acholi,completed primary school,3-don't know / no data,no,yes,married/cohabiting,no,84,3TC-TDF-(NVP/EFV/AZT/LPVr/ATVr),2,no data,20,31,292,292,546,FTC-TDF-(NVP/EFV/LPVr),3TC-TDF-(NVP/EFV/AZT/LPVr/ATVr)
743,39.0,F ,no,yes,no,yes ,no,no ,Acholi,no formal education,1-no ,no,yes,married/cohabiting,no,133,3TC-TDF-(NVP/EFV/AZT/LPVr/ATVr),3,1,17,63,173,173,472,FTC-TDF-(NVP/EFV/LPVr),3TC-TDF-(NVP/EFV/AZT/LPVr/ATVr)
744,66.5,F ,no,no,no,no,no,no ,Acholi,no formal education,1-no ,no,yes,widow/widowed,yes,14,Acholi,1,1,15,23,570,457,554,3TC-TDF-(NVP/EFV/AZT/LPVr/ATVr),1
745,51.5,F ,no,no,no,yes ,no,no ,Acholi,completed primary school,1-no ,no,yes,divorced/separated,no,16,Acholi,1,1,26,33,76,76,300,3TC-TDF-(NVP/EFV/AZT/LPVr/ATVr),1
746,51.8,F ,no,no,no,yes ,no,no ,Acholi,completed primary school,1-no ,no,yes,widow/widowed,no,136,3TC-TDF-(NVP/EFV/AZT/LPVr/ATVr),2,1,16,24,,155,654,FTC-TDF-(NVP/EFV/LPVr),3TC-TDF-(NVP/EFV/AZT/LPVr/ATVr)
747,63.5,F ,no,no,no,no,no,no ,Acholi,no formal education,2-yes ,no,yes,widow/widowed,no,148,3TC-TDF-(NVP/EFV/AZT/LPVr/ATVr),2,1,21,40,78,78,650,FTC-TDF-(NVP/EFV/LPVr),3TC-TDF-(NVP/EFV/AZT/LPVr/ATVr)
748,27.3,F ,no,yes,no,no,no,no ,Acholi,completed senior four,2-yes ,no,yes,No data,no,82,Acholi,1,1,16,25,,,443,3TC-TDF-(NVP/EFV/AZT/LPVr/ATVr),1
749,38.8,F ,no,no,no,no,no,no ,Acholi,completed primary school,1-no ,no,yes,married/cohabiting,no,26,Acholi,2,3,9,23,376,268,555,3TC-TDF-(NVP/EFV/AZT/LPVr/ATVr),2
750,30.4,F ,no,no,no,no,no,no ,Acholi,no formal education,1-no ,no,yes,No data,no,32,Acholi,1,1,19,29,297,297,486,3TC-TDF-(NVP/EFV/AZT/LPVr/ATVr),1
751,30.7,m,no,no,no,yes ,no,don't know / no data,Lango,completed primary school,1-no ,no,yes,married/cohabiting,yes,,Other,no data,1,44,48,633,,175,Other,Other
752,61.8,F ,no,no,no,yes ,no,no ,Acholi,no formal education,1-no ,no,yes,married/cohabiting,no,57,3TC-TDF-(NVP/EFV/AZT/LPVr/ATVr),1,1,17,28,315,243,446,FTC-TDF-(NVP/EFV/LPVr),3TC-TDF-(NVP/EFV/AZT/LPVr/ATVr)
753,23.5,F ,no,no,yes,no,no,no ,Acholi,qualification afther senior six,2-yes ,no,yes,single,no,12,Acholi,1,1,20,34,337,337,574,3TC-TDF-(NVP/EFV/AZT/LPVr/ATVr),1
755,32.2,m,no,no,no,no,no,don't know / no data,Acholi,no formal education,3-don't know / no data,no,yes,married/cohabiting,no,27,Acholi,2,2,16,28,254,254,540,3TC-TDF-(NVP/EFV/AZT/LPVr/ATVr),2
756,49.0,F ,no,no,yes,yes ,no,no ,Acholi,no formal education,3-don't know / no data,no,yes,single,no,38,3TC-TDF-(NVP/EFV/AZT/LPVr/ATVr),2,1,17,23,396,243,321,3TC-TDF-(NVP/EFV/AZT/LPVr/ATVr),3TC-TDF-(NVP/EFV/AZT/LPVr/ATVr)
757,38.0,F ,no,no,no,yes ,no,no ,Acholi,no formal education,1-no ,no,yes,single,yes,50,3TC-TDF-(NVP/EFV/AZT/LPVr/ATVr),2,1,21,26,18,18,,3TC-TDF-(NVP/EFV/AZT/LPVr/ATVr),3TC-TDF-(NVP/EFV/AZT/LPVr/ATVr)
758,43.6,F ,no,yes,no,no,no,no ,Acholi,no formal education,1-no ,no,yes,married/cohabiting,no,63,3TC-TDF-(NVP/EFV/AZT/LPVr/ATVr),2,2,26,41,168,168,726,FTC-TDF-(NVP/EFV/LPVr),3TC-TDF-(NVP/EFV/AZT/LPVr/ATVr)
759,43.6,F ,no,no,no,yes ,no,no ,Acholi,no formal education,1-no ,no,yes,married/cohabiting,no,74,3TC-TDF-(NVP/EFV/AZT/LPVr/ATVr),3,no data,21,82,61,61,395,FTC-TDF-(NVP/EFV/LPVr),3TC-TDF-(NVP/EFV/AZT/LPVr/ATVr)
760,35.0,F ,no,no,no,no,no,no ,Acholi,completed senior four,1-no ,no,yes,divorced/separated,no,74,3TC-AZT-(NVP/EFV/LPVr/ATVr),1,1,19,28,128,128,524,3TC-AZT-(NVP/EFV/LPVr/ATVr),3TC-AZT-(NVP/EFV/LPVr/ATVr)
761,65.6,m,no,no,no,yes ,no,no ,Acholi,completed primary school,1-no ,no,yes,married/cohabiting,yes,31,Acholi,1,1,23,29,,328,496,3TC-TDF-(NVP/EFV/AZT/LPVr/ATVr),1
762,42.6,F ,no,no,no,yes ,no,no ,Acholi,no formal education,1-no ,no,yes,married/cohabiting,no,39,3TC-TDF-(NVP/EFV/AZT/LPVr/ATVr),3,1,25,39,871,582,866,Other,3TC-TDF-(NVP/EFV/AZT/LPVr/ATVr)
763,36.0,F ,no,no,no,yes ,no,don't know / no data,Acholi,no formal education,3-don't know / no data,no,yes,married/cohabiting,no,43,Acholi,2,2,24,33,1585,324,789,3TC-TDF-(NVP/EFV/AZT/LPVr/ATVr),2
764,32.1,m,no,yes,no,yes ,no,no ,Acholi,completed senior four,1-no ,yes,yes,married/cohabiting,no,,Other,no data,2,25,37,356,,356,Other,Other
765,49.9,m,no,no,no,yes ,no,don't know / no data,Lango,completed primary school,1-no ,no,yes,married/cohabiting,no,41,Lango,4,4,28,54,45,45,36,3TC-AZT-(NVP/EFV/LPVr/ATVr),4
766,39.0,F ,no,yes,no,yes ,no,no ,Acholi,completed senior four,1-no ,no,yes,single,no,45,3TC-TDF-(NVP/EFV/AZT/LPVr/ATVr),2,4,17,34,282,282,650,3TC-TDF-(NVP/EFV/AZT/LPVr/ATVr),3TC-TDF-(NVP/EFV/AZT/LPVr/ATVr)
767,15.0,m,no,no,no,no,no,don't know / no data,Acholi,no formal education,1-no ,no,yes,No data,no,30,3TC-AZT-(NVP/EFV/LPVr/ATVr),2,2,17,27,1563,385,755,3TC-AZT-(NVP/EFV/LPVr/ATVr),3TC-AZT-(NVP/EFV/LPVr/ATVr)
768,38.0,F ,no,no,no,no,no,don't know / no data,Acholi,no formal education,3-don't know / no data,no,yes,married/cohabiting,yes,68,3TC-TDF-(NVP/EFV/AZT/LPVr/ATVr),2,1,19,28,703,476,816,FTC-TDF-(NVP/EFV/LPVr),3TC-TDF-(NVP/EFV/AZT/LPVr/ATVr)
769,47.9,F ,no,no,no,no,no,no ,Acholi,completed senior four,1-no ,no,yes,widow/widowed,yes,28,Acholi,4,1,19,27,34,34,,3TC-TDF-(NVP/EFV/AZT/LPVr/ATVr),4
770,33.0,F ,no,yes,no,no,no,don't know / no data,Acholi,no formal education,1-no ,no,yes,widow/widowed,no,75,3TC-TDF-(NVP/EFV/AZT/LPVr/ATVr),4,1,29,37,,48,554,FTC-TDF-(NVP/EFV/LPVr),3TC-TDF-(NVP/EFV/AZT/LPVr/ATVr)
771,56.0,F ,no,no,no,yes ,no,don't know / no data,Acholi,no formal education,1-no ,no,yes,widow/widowed,no,27,Acholi,1,1,25,36,608,364,517,3TC-TDF-(NVP/EFV/AZT/LPVr/ATVr),1
772,12.5,m,no,no,no,yes ,no,no ,Acholi,completed primary school,3-don't know / no data,no,yes,single,no,48,Other,1,1,13,30,19,19,,3TC-AZT-(NVP/EFV/LPVr/ATVr),Other
773,36.2,F ,no,no,yes,yes ,no,don't know / no data,Acholi,completed senior four,2-yes ,no,yes,divorced/separated,no,26,Acholi,2,1,13,28,539,483,377,3TC-TDF-(NVP/EFV/AZT/LPVr/ATVr),2
774,32.0,F ,no,no,no,no,no,don't know / no data,Acholi,no formal education,2-yes ,no,yes,married/cohabiting,no,25,Acholi,2,1,16,26,556,416,465,3TC-TDF-(NVP/EFV/AZT/LPVr/ATVr),2
775,53.5,F ,no,no,no,yes ,no,no ,Acholi,completed primary school,1-no ,no,yes,married/cohabiting,yes,140,3TC-TDF-(NVP/EFV/AZT/LPVr/ATVr),no data,1,19,35,273,273,715,FTC-TDF-(NVP/EFV/LPVr),3TC-TDF-(NVP/EFV/AZT/LPVr/ATVr)
776,60.0,F ,no,no,no,yes ,no,no ,Acholi,no formal education,1-no ,no,yes,widow/widowed,no,170,Acholi,no data,2,23,32,,,757,3TC-AZT-(NVP/EFV/LPVr/ATVr),no data
777,44.0,m,no,no,no,no,no,no ,Acholi,qualification afther senior six,2-yes ,no,yes,married/cohabiting,no,118,3TC-TDF-(NVP/EFV/AZT/LPVr/ATVr),3,2,34,38,246,246,677,3TC-TDF-(NVP/EFV/AZT/LPVr/ATVr),3TC-TDF-(NVP/EFV/AZT/LPVr/ATVr)
778,39.5,F ,no,no,no,yes ,no,no ,Acholi,completed primary school,1-no ,no,yes,married/cohabiting,no,65,3TC-TDF-(NVP/EFV/AZT/LPVr/ATVr),2,1,21,25,556,166,450,FTC-TDF-(NVP/EFV/LPVr),3TC-TDF-(NVP/EFV/AZT/LPVr/ATVr)
779,55.6,F ,no,no,no,no,no,don't know / no data,Acholi,completed primary school,3-don't know / no data,no,yes,married/cohabiting,yes,44,Acholi,no data,1,28,30,,,,3TC-TDF-(NVP/EFV/AZT/LPVr/ATVr),no data
780,33.9,F ,no,no,no,yes ,no,don't know / no data,Acholi,no formal education,3-don't know / no data,no,yes,widow/widowed,no,99,3TC-TDF-(NVP/EFV/AZT/LPVr/ATVr),3,1,25,24,335,335,647,3TC-TDF-(NVP/EFV/AZT/LPVr/ATVr),3TC-TDF-(NVP/EFV/AZT/LPVr/ATVr)
781,49.6,F ,no,no,no,yes ,no,no ,Acholi,No data,1-no ,no,yes,married/cohabiting,yes,141,3TC-TDF-(NVP/EFV/AZT/LPVr/ATVr),3,3,25,46,116,116,545,3TC-TDF-(NVP/EFV/AZT/LPVr/ATVr),3TC-TDF-(NVP/EFV/AZT/LPVr/ATVr)
782,30.3,F ,no,no,no,yes ,no,don't know / no data,Acholi,no formal education,3-don't know / no data,no,yes,married/cohabiting,no,66,3TC-TDF-(NVP/EFV/AZT/LPVr/ATVr),2,1,28,33,356,313,505,3TC-TDF-(NVP/EFV/AZT/LPVr/ATVr),3TC-TDF-(NVP/EFV/AZT/LPVr/ATVr)
783,45.1,F ,no,no,no,yes ,no,no ,Acholi,no formal education,1-no ,no,yes,married/cohabiting,no,26,Acholi,1,1,18,26,352,293,576,3TC-TDF-(NVP/EFV/AZT/LPVr/ATVr),1
784,36.6,F ,no,no,no,yes ,no,no ,Acholi,no formal education,1-no ,no,yes,married/cohabiting,no,55,Acholi,3,1,17,25,360,273,577,3TC-TDF-(NVP/EFV/AZT/LPVr/ATVr),3
785,69.7,F ,no,no,no,no,no,no ,Other / no data,completed senior four,1-no ,no,yes,widow/widowed,no,31,Other / no data,3,1,40,40,333,333,463,3TC-TDF-(NVP/EFV/AZT/LPVr/ATVr),3
786,57.0,F ,no,no,no,no,no,no ,Acholi,no formal education,1-no ,no,yes,widow/widowed,no,138,Acholi,3,2,30,32,92,92,433,3TC-TDF-(NVP/EFV/AZT/LPVr/ATVr),3
787,42.0,F ,no,no,no,yes ,no,no ,Acholi,no formal education,1-no ,no,yes,married/cohabiting,no,43,Acholi,1,1,23,24,573,427,493,3TC-TDF-(NVP/EFV/AZT/LPVr/ATVr),1
788,46.0,F ,yes ,no,no,no,no,no ,Acholi,completed primary school,1-no ,no,yes,single,no,122,3TC-TDF-(NVP/EFV/AZT/LPVr/ATVr),3,1,12,36,85,85,604,3TC-TDF-(NVP/EFV/AZT/LPVr/ATVr),3TC-TDF-(NVP/EFV/AZT/LPVr/ATVr)
789,30.0,m,no,no,no,yes ,yes,no ,Acholi,completed primary school,1-no ,no,yes,married/cohabiting,no,40,Acholi,3,1,,,163,163,367,3TC-TDF-(NVP/EFV/AZT/LPVr/ATVr),3
790,36.6,F ,no,no,no,yes ,no,no ,Acholi,no formal education,1-no ,no,yes,single,no,82,3TC-TDF-(NVP/EFV/AZT/LPVr/ATVr),1,2,18,26,188,188,157,FTC-TDF-(NVP/EFV/LPVr),3TC-TDF-(NVP/EFV/AZT/LPVr/ATVr)
791,41.0,F ,no,no,no,no,no,no ,Acholi,no formal education,1-no ,no,yes,widow/widowed,no,118,3TC-TDF-(NVP/EFV/AZT/LPVr/ATVr),no data,1,41,60,,206,1069,3TC-AZT-(NVP/EFV/LPVr/ATVr),3TC-TDF-(NVP/EFV/AZT/LPVr/ATVr)
792,35.5,F ,no,no,yes,no,no,no ,Lango,completed primary school,1-no ,no,yes,married/cohabiting,yes,158,3TC-TDF-(NVP/EFV/AZT/LPVr/ATVr),no data,1,23,35,,,332,3TC-AZT-(NVP/EFV/LPVr/ATVr),3TC-TDF-(NVP/EFV/AZT/LPVr/ATVr)
793,44.0,F ,no,no,no,yes ,no,don't know / no data,Acholi,no formal education,1-no ,no,yes,widow/widowed,no,101,3TC-TDF-(NVP/EFV/AZT/LPVr/ATVr),2,2,44,63,282,282,452,3TC-TDF-(NVP/EFV/AZT/LPVr/ATVr),3TC-TDF-(NVP/EFV/AZT/LPVr/ATVr)
794,43.6,F ,no,no,no,no,no,no ,Acholi,completed primary school,1-no ,no,yes,married/cohabiting,no,121,3TC-TDF-(NVP/EFV/AZT/LPVr/ATVr),3,1,24,43,181,181,671,FTC-TDF-(NVP/EFV/LPVr),3TC-TDF-(NVP/EFV/AZT/LPVr/ATVr)
795,51.7,F ,no,no,no,yes ,no,no ,Acholi,no formal education,1-no ,no,yes,widow/widowed,no,52,3TC-TDF-(NVP/EFV/AZT/LPVr/ATVr),2,2,45,122,231,231,483,FTC-TDF-(NVP/EFV/LPVr),3TC-TDF-(NVP/EFV/AZT/LPVr/ATVr)
796,30.3,m,no,no,no,yes ,no,don't know / no data,Acholi,completed primary school,3-don't know / no data,no,yes,married/cohabiting,no,45,Acholi,3,1,27,42,198,198,320,3TC-TDF-(NVP/EFV/AZT/LPVr/ATVr),3
797,50.0,F ,no,yes,no,yes ,no,don't know / no data,Acholi,no formal education,3-don't know / no data,no,yes,single,no,73,3TC-AZT-(NVP/EFV/LPVr/ATVr),4,2,14,27,401,197,693,3TC-TDF-(NVP/EFV/AZT/LPVr/ATVr),3TC-AZT-(NVP/EFV/LPVr/ATVr)
798,34.1,F ,no,no,no,no,no,don't know / no data,Other / no data,no formal education,1-no ,no,yes,divorced/separated,no,52,Other / no data,2,2,19,31,582,582,1065,3TC-TDF-(NVP/EFV/AZT/LPVr/ATVr),2
799,33.2,F ,no,no,no,no,yes,don't know / no data,Other / no data,completed primary school,3-don't know / no data,no,yes,married/cohabiting,yes,3,Other / no data,1,1,43,35,661,693,500,3TC-TDF-(NVP/EFV/AZT/LPVr/ATVr),1
800,37.0,m,no,no,no,no,no,no ,Acholi,completed primary school,1-no ,no,yes,married/cohabiting,yes,106,3TC-TDF-(NVP/EFV/AZT/LPVr/ATVr),1,1,102,51,238,238,451,FTC-TDF-(NVP/EFV/LPVr),3TC-TDF-(NVP/EFV/AZT/LPVr/ATVr)
801,49.0,F ,no,yes,no,no,no,no ,Acholi,no formal education,1-no ,no,yes,married/cohabiting,yes,96,3TC-TDF-(NVP/EFV/AZT/LPVr/ATVr),2,1,23,28,231,,1070,FTC-TDF-(NVP/EFV/LPVr),3TC-TDF-(NVP/EFV/AZT/LPVr/ATVr)
802,51.7,F ,no,no,no,yes ,no,no ,Acholi,completed primary school,1-no ,no,yes,married/cohabiting,no,123,3TC-TDF-(NVP/EFV/AZT/LPVr/ATVr),3,1,22,24,,193,497,3TC-TDF-(NVP/EFV/AZT/LPVr/ATVr),3TC-TDF-(NVP/EFV/AZT/LPVr/ATVr)
803,47.7,F ,no,no,no,no,no,no ,Acholi,qualification afther senior six,1-no ,no,yes,married/cohabiting,no,99,3TC-TDF-(NVP/EFV/AZT/LPVr/ATVr),3,1,23,31,185,185,663,3TC-TDF-(NVP/EFV/AZT/LPVr/ATVr),3TC-TDF-(NVP/EFV/AZT/LPVr/ATVr)
804,63.3,m,no,no,no,no,no,no ,Acholi,qualification afther senior six,1-no ,no,yes,married/cohabiting,no,97,3TC-TDF-(NVP/EFV/AZT/LPVr/ATVr),3,1,23,29,204,204,445,3TC-TDF-(NVP/EFV/AZT/LPVr/ATVr),3TC-TDF-(NVP/EFV/AZT/LPVr/ATVr)
805,51.0,F ,no,no,no,no,no,no ,Acholi,no formal education,1-no ,no,yes,married/cohabiting,no,46,Acholi,2,1,33,45,720,131,592,3TC-TDF-(NVP/EFV/AZT/LPVr/ATVr),2
806,34.3,m,no,no,yes,yes ,no,no ,Acholi,no formal education,1-no ,no,yes,married/cohabiting,yes,25,Acholi,1,1,40,40,527,235,426,3TC-TDF-(NVP/EFV/AZT/LPVr/ATVr),1
807,57.0,F ,no,yes,no,yes ,no,no ,Acholi,completed primary school,1-no ,no,yes,widow/widowed,yes,121,3TC-TDF-(NVP/EFV/AZT/LPVr/ATVr),3,1,14,23,335,335,379,FTC-TDF-(NVP/EFV/LPVr),3TC-TDF-(NVP/EFV/AZT/LPVr/ATVr)
808,57.0,F ,no,no,yes,yes ,no,no ,Acholi,completed primary school,1-no ,no,yes,widow/widowed,no,124,3TC-TDF-(NVP/EFV/AZT/LPVr/ATVr),3,1,21,33,134,134,267,FTC-TDF-(NVP/EFV/LPVr),3TC-TDF-(NVP/EFV/AZT/LPVr/ATVr)
809,40.4,F ,no,yes,no,yes ,no,no ,Acholi,completed primary school,1-no ,no,yes,widow/widowed,yes,27,Acholi,1,1,21,29,411,379,570,3TC-TDF-(NVP/EFV/AZT/LPVr/ATVr),1
810,40.1,F ,no,no,no,no,no,no ,Acholi,completed primary school,1-no ,no,yes,widow/widowed,yes,64,Acholi,1,1,25,31,589,241,460,3TC-TDF-(NVP/EFV/AZT/LPVr/ATVr),1
811,29.0,F ,no,no,no,no,no,no ,Acholi,completed primary school,1-no ,no,yes,widow/widowed,yes,83,3TC-TDF-(NVP/EFV/AZT/LPVr/ATVr),2,1,16,23,420,271,923,FTC-TDF-(NVP/EFV/LPVr),3TC-TDF-(NVP/EFV/AZT/LPVr/ATVr)
812,52.4,m,no,no,no,no,no,no ,Acholi,completed primary school,1-no ,no,yes,married/cohabiting,yes,63,3TC-TDF-(NVP/EFV/AZT/LPVr/ATVr),2,1,30,43,457,289,341,FTC-TDF-(NVP/EFV/LPVr),3TC-TDF-(NVP/EFV/AZT/LPVr/ATVr)
813,55.0,F ,no,yes,no,yes ,no,no ,Acholi,no formal education,1-no ,no,yes,widow/widowed,no,119,Acholi,no data,1,32,34,,114,471,3TC-TDF-(NVP/EFV/AZT/LPVr/ATVr),no data
814,40.6,m,no,no,no,no,no,no ,Acholi,no formal education,1-no ,no,yes,married/cohabiting,yes,120,3TC-AZT-(NVP/EFV/LPVr/ATVr),3,1,20,17,78,78,315,3TC-AZT-(NVP/EFV/LPVr/ATVr),3TC-AZT-(NVP/EFV/LPVr/ATVr)
815,28.9,F ,no,no,no,no,no,no ,Acholi,no formal education,1-no ,no,yes,married/cohabiting,no,21,Acholi,1,no data,26,28,,436,361,3TC-TDF-(NVP/EFV/AZT/LPVr/ATVr),1
816,42.8,F ,no,no,no,yes ,no,no ,Acholi,completed primary school,1-no ,no,yes,married/cohabiting,no,72,Acholi,1,1,22,35,,113,423,3TC-TDF-(NVP/EFV/AZT/LPVr/ATVr),1
817,60.1,F ,no,no,no,yes ,no,no ,Acholi,no formal education,1-no ,no,yes,widow/widowed,yes,97,3TC-TDF-(NVP/EFV/AZT/LPVr/ATVr),3,1,20,22,,,875,FTC-TDF-(NVP/EFV/LPVr),3TC-TDF-(NVP/EFV/AZT/LPVr/ATVr)
818,38.3,F ,no,no,no,no,no,no ,Acholi,completed senior four,1-no ,no,yes,divorced/separated,no,25,Acholi,2,2,34,34,222,222,380,3TC-TDF-(NVP/EFV/AZT/LPVr/ATVr),2
819,50.0,F ,no,no,no,no,no,no ,Acholi,completed primary school,1-no ,no,yes,married/cohabiting,yes,16,Acholi,1,1,15,24,99,99,249,3TC-TDF-(NVP/EFV/AZT/LPVr/ATVr),1
820,36.0,F ,no,no,no,yes ,no,no ,Acholi,completed primary school,1-no ,no,yes,divorced/separated,no,38,Acholi,1,1,24,28,164,164,95,3TC-TDF-(NVP/EFV/AZT/LPVr/ATVr),1
821,40.1,F ,no,yes,no,no,no,no ,Other / no data,no formal education,1-no ,no,yes,married/cohabiting,no,27,3TC-TDF-(NVP/EFV/AZT/LPVr/ATVr),2,no data,29,27,,119,413,3TC-TDF-(NVP/EFV/AZT/LPVr/ATVr),3TC-TDF-(NVP/EFV/AZT/LPVr/ATVr)
822,20.0,F ,no,no,no,yes ,no,no ,Acholi,completed primary school,1-no ,no,yes,divorced/separated,no,29,Acholi,2,2,23,33,,278,454,3TC-TDF-(NVP/EFV/AZT/LPVr/ATVr),2
823,44.1,F ,no,no,no,no,no,don't know / no data,Acholi,no formal education,1-no ,no,yes,divorced/separated,no,122,3TC-TDF-(NVP/EFV/AZT/LPVr/ATVr),3,1,16,24,,276,636,FTC-TDF-(NVP/EFV/LPVr),3TC-TDF-(NVP/EFV/AZT/LPVr/ATVr)
824,30.5,F ,no,no,no,yes ,no,no ,Lango,no formal education,1-no ,no,yes,divorced/separated,yes,12,Lango,1,1,31,40,561,561,679,3TC-TDF-(NVP/EFV/AZT/LPVr/ATVr),1
825,50.0,F ,no,no,no,no,no,no ,Acholi,no formal education,1-no ,no,yes,married/cohabiting,no,28,Acholi,1,2,33,50,355,323,712,3TC-TDF-(NVP/EFV/AZT/LPVr/ATVr),1
826,44.4,F ,no,no,no,yes ,no,no ,Acholi,completed primary school,1-no ,no,yes,married/cohabiting,no,66,Acholi,1,1,18,23,290,290,386,3TC-TDF-(NVP/EFV/AZT/LPVr/ATVr),1
827,47.5,F ,no,yes,no,yes ,no,no ,Acholi,no formal education,1-no ,no,yes,widow/widowed,yes,142,3TC-TDF-(NVP/EFV/AZT/LPVr/ATVr),3,1,25,28,214,214,376,FTC-TDF-(NVP/EFV/LPVr),3TC-TDF-(NVP/EFV/AZT/LPVr/ATVr)
828,41.1,F ,no,no,no,yes ,no,no ,Acholi,no formal education,1-no ,no,yes,married/cohabiting,no,28,Acholi,2,1,25,30,632,263,740,3TC-TDF-(NVP/EFV/AZT/LPVr/ATVr),2
829,39.0,F ,no,no,no,no,no,no ,Acholi,completed senior four,1-no ,no,yes,widow/widowed,yes,66,Acholi,1,1,17,36,259,259,562,3TC-TDF-(NVP/EFV/AZT/LPVr/ATVr),1
830,54.5,F ,no,no,no,no,no,no ,Acholi,qualification afther senior six,1-no ,no,yes,widow/widowed,no,142,3TC-TDF-(NVP/EFV/AZT/LPVr/ATVr),4,1,21,31,117,117,420,FTC-TDF-(NVP/EFV/LPVr),3TC-TDF-(NVP/EFV/AZT/LPVr/ATVr)
831,36.0,F ,no,yes,no,no,no,no ,Acholi,no formal education,1-no ,no,yes,married/cohabiting,yes,96,3TC-TDF-(NVP/EFV/AZT/LPVr/ATVr),no data,2,18,26,,,,3TC-AZT-(NVP/EFV/LPVr/ATVr),3TC-TDF-(NVP/EFV/AZT/LPVr/ATVr)
832,73.6,m,no,yes,no,no,no,no ,Acholi,completed senior four,1-no ,no,yes,married/cohabiting,no,73,3TC-TDF-(NVP/EFV/AZT/LPVr/ATVr),2,1,22,33,302,282,204,FTC-TDF-(NVP/EFV/LPVr),3TC-TDF-(NVP/EFV/AZT/LPVr/ATVr)
834,17.0,F ,no,yes,no,no,no,no ,Acholi,completed primary school,1-no ,no,yes,single,yes,75,Acholi,2,1,27,37,264,264,375,3TC-TDF-(NVP/EFV/AZT/LPVr/ATVr),2
835,39.0,F ,no,no,no,yes ,no,don't know / no data,Acholi,completed primary school,1-no ,no,yes,divorced/separated,yes,131,3TC-TDF-(NVP/EFV/AZT/LPVr/ATVr),3,2,18,25,38,38,469,FTC-TDF-(NVP/EFV/LPVr),3TC-TDF-(NVP/EFV/AZT/LPVr/ATVr)
836,33.0,F ,no,no,yes,yes ,no,no ,Acholi,no formal education,1-no ,no,yes,married/cohabiting,yes,68,Acholi,2,1,16,18,,246,586,3TC-AZT-(NVP/EFV/LPVr/ATVr),2
837,34.2,F ,no,no,no,no,no,no ,Other / no data,completed primary school,1-no ,no,yes,married/cohabiting,no,129,Other / no data,no data,1,19,23,,134,1010,3TC-AZT-(NVP/EFV/LPVr/ATVr),no data
838,60.0,F ,no,no,no,yes ,no,no ,Acholi,no formal education,1-no ,no,yes,widow/widowed,yes,90,3TC-TDF-(NVP/EFV/AZT/LPVr/ATVr),2,1,18,26,,289,374,FTC-TDF-(NVP/EFV/LPVr),3TC-TDF-(NVP/EFV/AZT/LPVr/ATVr)
840,45.5,F ,no,no,no,no,no,don't know / no data,Acholi,completed senior four,1-no ,no,yes,widow/widowed,no,85,3TC-TDF-(NVP/EFV/AZT/LPVr/ATVr),2,1,19,33,39,39,376,FTC-TDF-(NVP/EFV/LPVr),3TC-TDF-(NVP/EFV/AZT/LPVr/ATVr)
841,41.0,F ,no,no,no,no,no,no ,Acholi,completed primary school,1-no ,no,yes,widow/widowed,no,120,3TC-TDF-(NVP/EFV/AZT/LPVr/ATVr),3,1,23,23,8,8,534,FTC-TDF-(NVP/EFV/LPVr),3TC-TDF-(NVP/EFV/AZT/LPVr/ATVr)
843,55.7,F ,no,no,no,no,no,no ,Acholi,completed primary school,1-no ,no,yes,widow/widowed,no,98,3TC-TDF-(NVP/EFV/AZT/LPVr/ATVr),2,2,12,21,,309,988,FTC-TDF-(NVP/EFV/LPVr),3TC-TDF-(NVP/EFV/AZT/LPVr/ATVr)
844,38.5,F ,no,no,no,no,no,no ,Acholi,completed primary school,1-no ,no,yes,divorced/separated,yes,65,3TC-TDF-(NVP/EFV/AZT/LPVr/ATVr),2,1,34,36,27,6,249,FTC-TDF-(NVP/EFV/LPVr),3TC-TDF-(NVP/EFV/AZT/LPVr/ATVr)
845,54.2,F ,no,no,no,yes ,no,no ,Acholi,no formal education,1-no ,no,yes,married/cohabiting,yes,122,3TC-TDF-(NVP/EFV/AZT/LPVr/ATVr),4,2,13,53,135,213,394,3TC-AZT-(NVP/EFV/LPVr/ATVr),3TC-TDF-(NVP/EFV/AZT/LPVr/ATVr)
846,49.5,m,no,no,no,no,no,no ,Acholi,completed primary school,1-no ,no,yes,married/cohabiting,no,138,3TC-TDF-(NVP/EFV/AZT/LPVr/ATVr),no data,1,137,170,32,32,800,FTC-TDF-(NVP/EFV/LPVr),3TC-TDF-(NVP/EFV/AZT/LPVr/ATVr)
847,23.0,F ,no,no,no,no,no,no ,Acholi,completed primary school,1-no ,no,yes,divorced/separated,no,55,Acholi,2,1,23,20,1011,433,534,3TC-TDF-(NVP/EFV/AZT/LPVr/ATVr),2
848,36.1,F ,no,no,no,no,no,no ,Acholi,completed primary school,1-no ,no,yes,married/cohabiting,yes,85,Acholi,1,1,24,29,,72,650,3TC-TDF-(NVP/EFV/AZT/LPVr/ATVr),1
849,23.8,F ,no,no,no,no,no,don't know / no data,Acholi,completed senior six,2-yes ,no,yes,married/cohabiting,no,142,3TC-TDF-(NVP/EFV/AZT/LPVr/ATVr),no data,2,26,31,46,46,713,FTC-TDF-(NVP/EFV/LPVr),3TC-TDF-(NVP/EFV/AZT/LPVr/ATVr)
850,52.0,F ,no,no,no,no,no,no ,Other / no data,no formal education,1-no ,no,yes,widow/widowed,no,66,Other / no data,1,1,26,41,474,338,556,3TC-TDF-(NVP/EFV/AZT/LPVr/ATVr),1
851,52.0,F ,no,no,no,yes ,no,no ,Lango,no formal education,1-no ,no,yes,married/cohabiting,yes,84,3TC-TDF-(NVP/EFV/AZT/LPVr/ATVr),2,1,13,23,373,458,520,FTC-TDF-(NVP/EFV/LPVr),3TC-TDF-(NVP/EFV/AZT/LPVr/ATVr)
852,53.7,m,no,no,no,yes ,no,no ,Acholi,completed primary school,1-no ,no,yes,married/cohabiting,yes,85,3TC-TDF-(NVP/EFV/AZT/LPVr/ATVr),3,1,23,24,400,262,880,FTC-TDF-(NVP/EFV/LPVr),3TC-TDF-(NVP/EFV/AZT/LPVr/ATVr)
853,39.2,F ,no,no,yes,no,no,no ,Lango,completed primary school,1-no ,no,yes,married/cohabiting,no,56,Lango,3,1,17,20,466,14,311,3TC-TDF-(NVP/EFV/AZT/LPVr/ATVr),3
854,48.1,m,no,no,no,yes ,no,no ,Acholi,completed primary school,1-no ,yes,yes,married/cohabiting,no,38,Acholi,2,3,20,38,,122,253,3TC-TDF-(NVP/EFV/AZT/LPVr/ATVr),2
855,45.6,m,no,no,no,yes ,no,no ,Acholi,completed primary school,1-no ,no,yes,married/cohabiting,no,69,Acholi,2,1,29,27,70,70,273,3TC-TDF-(NVP/EFV/AZT/LPVr/ATVr),2
856,52.0,F ,no,no,no,no,no,don't know / no data,Acholi,completed primary school,1-no ,no,yes,widow/widowed,no,122,3TC-TDF-(NVP/EFV/AZT/LPVr/ATVr),3,1,22,32,256,256,,FTC-TDF-(NVP/EFV/LPVr),3TC-TDF-(NVP/EFV/AZT/LPVr/ATVr)
857,53.7,F ,no,no,yes,yes ,no,don't know / no data,Acholi,completed primary school,1-no ,no,yes,divorced/separated,yes,23,Acholi,1,2,18,33,,287,914,3TC-TDF-(NVP/EFV/AZT/LPVr/ATVr),1
858,38.4,F ,no,no,no,no,no,no ,Acholi,completed primary school,1-no ,no,yes,married/cohabiting,no,140,Acholi,no data,2,19,37,180,180,716,3TC-TDF-(NVP/EFV/AZT/LPVr/ATVr),no data
859,46.7,m,no,no,yes,yes ,no,no ,Acholi,no formal education,1-no ,no,yes,married/cohabiting,yes,7,Acholi,1,1,16,28,394,394,251,3TC-TDF-(NVP/EFV/AZT/LPVr/ATVr),1
860,43.6,F ,no,no,no,yes ,no,don't know / no data,Acholi,completed primary school,1-no ,no,yes,married/cohabiting,no,110,3TC-TDF-(NVP/EFV/AZT/LPVr/ATVr),3,1,14,20,342,182,829,FTC-TDF-(NVP/EFV/LPVr),3TC-TDF-(NVP/EFV/AZT/LPVr/ATVr)
861,44.3,F ,no,no,no,yes ,no,no ,Acholi,no formal education,1-no ,no,yes,divorced/separated,yes,24,Acholi,2,2,17,23,499,223,675,3TC-TDF-(NVP/EFV/AZT/LPVr/ATVr),2
862,41.4,F ,no,no,no,yes ,no,no ,Acholi,no formal education,1-no ,no,yes,married/cohabiting,yes,72,Acholi,1,1,14,21,304,304,1083,3TC-AZT-(NVP/EFV/LPVr/ATVr),1
863,44.1,m,no,no,yes,yes ,no,no ,Acholi,completed primary school,1-no ,no,yes,married/cohabiting,no,90,3TC-TDF-(NVP/EFV/AZT/LPVr/ATVr),4,1,44,57,112,112,253,FTC-TDF-(NVP/EFV/LPVr),3TC-TDF-(NVP/EFV/AZT/LPVr/ATVr)
864,40.3,F ,no,no,no,no,no,no ,Acholi,completed primary school,1-no ,no,yes,widow/widowed,yes,111,3TC-TDF-(NVP/EFV/AZT/LPVr/ATVr),2,1,22,28,93,93,463,FTC-TDF-(NVP/EFV/LPVr),3TC-TDF-(NVP/EFV/AZT/LPVr/ATVr)
865,50.0,F ,no,yes,no,yes ,no,no ,Acholi,no formal education,1-no ,no,yes,widow/widowed,no,84,3TC-TDF-(NVP/EFV/AZT/LPVr/ATVr),2,1,18,29,,330,816,FTC-TDF-(NVP/EFV/LPVr),3TC-TDF-(NVP/EFV/AZT/LPVr/ATVr)
866,30.0,F ,no,no,no,yes ,no,no ,Acholi,no formal education,1-no ,no,yes,married/cohabiting,yes,2,Acholi,2,no data,34,37,527,527,330,3TC-TDF-(NVP/EFV/AZT/LPVr/ATVr),2
867,30.2,F ,no,no,no,no,no,Yes,Acholi,no formal education,2-yes ,no,yes,married/cohabiting,yes,39,Acholi,2,1,32,35,454,291,889,3TC-TDF-(NVP/EFV/AZT/LPVr/ATVr),2
868,46.8,F ,no,no,no,no,no,no ,Acholi,completed senior four,1-no ,no,yes,widow/widowed,no,12,Acholi,2,1,58,44,192,192,421,3TC-TDF-(NVP/EFV/AZT/LPVr/ATVr),2
869,34.3,F ,no,no,no,no,no,no ,Acholi,no formal education,1-no ,no,yes,married/cohabiting,no,45,3TC-TDF-(NVP/EFV/AZT/LPVr/ATVr),2,1,26,31,332,394,950,3TC-TDF-(NVP/EFV/AZT/LPVr/ATVr),3TC-TDF-(NVP/EFV/AZT/LPVr/ATVr)
870,63.0,F ,no,no,no,no,no,no ,Acholi,no formal education,1-no ,no,yes,widow/widowed,yes,96,3TC-TDF-(NVP/EFV/AZT/LPVr/ATVr),2,1,34,63,70,70,104,FTC-TDF-(NVP/EFV/LPVr),3TC-TDF-(NVP/EFV/AZT/LPVr/ATVr)
872,37.5,F ,no,no,no,yes ,no,no ,Acholi,completed primary school,1-no ,no,yes,divorced/separated,yes,60,3TC-TDF-(NVP/EFV/AZT/LPVr/ATVr),2,1,25,34,224,224,690,FTC-TDF-(NVP/EFV/LPVr),3TC-TDF-(NVP/EFV/AZT/LPVr/ATVr)
873,39.0,m,no,no,no,no,no,no ,Acholi,completed senior four,1-no ,no,yes,widow/widowed,no,63,Acholi,2,1,37,39,174,174,318,3TC-TDF-(NVP/EFV/AZT/LPVr/ATVr),2
874,33.7,F ,no,no,no,no,no,don't know / no data,Lango,qualification afther senior six,1-no ,no,yes,single,no,17,Lango,1,2,17,24,320,320,95,3TC-TDF-(NVP/EFV/AZT/LPVr/ATVr),1
875,47.7,m,no,no,no,yes ,no,no ,Acholi,completed primary school,1-no ,no,yes,married/cohabiting,yes,98,3TC-TDF-(NVP/EFV/AZT/LPVr/ATVr),1,1,32,35,352,271,701,3TC-TDF-(NVP/EFV/AZT/LPVr/ATVr),3TC-TDF-(NVP/EFV/AZT/LPVr/ATVr)
876,27.2,m,no,yes,no,no,no,don't know / no data,Acholi,qualification afther senior six,1-no ,no,yes,married/cohabiting,no,22,Acholi,1,1,22,32,405,362,285,3TC-TDF-(NVP/EFV/AZT/LPVr/ATVr),1
877,44.0,F ,no,yes,yes,no,no,no ,Acholi,no formal education,1-no ,no,yes,widow/widowed,yes,108,3TC-TDF-(NVP/EFV/AZT/LPVr/ATVr),3,1,22,35,236,251,593,FTC-TDF-(NVP/EFV/LPVr),3TC-TDF-(NVP/EFV/AZT/LPVr/ATVr)
878,28.4,F ,no,no,no,yes ,no,no ,Other / no data,completed primary school,1-no ,no,yes,married/cohabiting,yes,42,Other / no data,1,1,16,24,356,356,451,3TC-TDF-(NVP/EFV/AZT/LPVr/ATVr),1
879,69.4,F ,no,no,no,yes ,no,don't know / no data,Acholi,no formal education,1-no ,no,yes,widow/widowed,no,131,3TC-TDF-(NVP/EFV/AZT/LPVr/ATVr),3,1,18,21,240,240,306,FTC-TDF-(NVP/EFV/LPVr),3TC-TDF-(NVP/EFV/AZT/LPVr/ATVr)
880,15.0,F ,no,no,no,no,no,no ,Other / no data,completed primary school,1-no ,no,yes,single,no,107,Other / no data,3,3,16,23,242,242,764,3TC-AZT-(NVP/EFV/LPVr/ATVr),3
881,42.0,m,no,no,yes,yes ,no,no ,Acholi,completed primary school,2-yes ,no,yes,married/cohabiting,yes,23,Acholi,2,2,106,189,292,292,554,3TC-TDF-(NVP/EFV/AZT/LPVr/ATVr),2
882,41.2,m,no,no,no,no,no,no ,Acholi,completed senior four,1-no ,no,yes,married/cohabiting,no,28,Acholi,no data,1,22,35,,201,355,3TC-AZT-(NVP/EFV/LPVr/ATVr),no data
883,59.0,m,no,no,no,no,no,no ,Acholi,completed primary school,3-don't know / no data,no,yes,married/cohabiting,yes,3,Acholi,2,2,27,28,783,555,555,3TC-TDF-(NVP/EFV/AZT/LPVr/ATVr),2
884,50.0,F ,no,yes,no,yes ,no,don't know / no data,Acholi,no formal education,1-no ,no,yes,married/cohabiting,yes,65,Acholi,1,2,19,25,611,190,,3TC-TDF-(NVP/EFV/AZT/LPVr/ATVr),1
885,34.4,F ,no,no,no,no,no,no ,Acholi,completed primary school,1-no ,no,yes,divorced/separated,no,29,Acholi,1,2,17,23,406,137,,3TC-TDF-(NVP/EFV/AZT/LPVr/ATVr),1
886,51.2,F ,no,no,no,yes ,no,no ,Acholi,no formal education,1-no ,no,yes,divorced/separated,yes,52,Acholi,2,1,14,19,,200,393,3TC-AZT-(NVP/EFV/LPVr/ATVr),2
887,45.4,m,no,yes,no,yes ,no,no ,Acholi,completed senior four,1-no ,no,yes,married/cohabiting,no,110,3TC-TDF-(NVP/EFV/AZT/LPVr/ATVr),3,1,36,36,,239,302,FTC-TDF-(NVP/EFV/LPVr),3TC-TDF-(NVP/EFV/AZT/LPVr/ATVr)
888,41.0,m,no,no,no,no,no,no ,Acholi,completed primary school,1-no ,no,yes,married/cohabiting,no,135,3TC-TDF-(NVP/EFV/AZT/LPVr/ATVr),3,1,44,81,39,39,424,FTC-TDF-(NVP/EFV/LPVr),3TC-TDF-(NVP/EFV/AZT/LPVr/ATVr)
889,48.0,m,no,no,no,no,no,no ,Acholi,completed primary school,1-no ,no,yes,widow/widowed,no,100,3TC-TDF-(NVP/EFV/AZT/LPVr/ATVr),3,1,13,31,,341,417,FTC-TDF-(NVP/EFV/LPVr),3TC-TDF-(NVP/EFV/AZT/LPVr/ATVr)
890,43.7,F ,no,no,no,yes ,no,no ,Acholi,no formal education,1-no ,no,yes,widow/widowed,yes,12,Acholi,1,1,18,31,446,446,429,3TC-TDF-(NVP/EFV/AZT/LPVr/ATVr),1
891,48.0,m,no,no,no,no,no,no ,Acholi,qualification afther senior six,1-no ,no,yes,married/cohabiting,no,66,Acholi,3,1,19,29,,85,297,3TC-TDF-(NVP/EFV/AZT/LPVr/ATVr),3
892,31.0,F ,no,no,yes,yes ,no,don't know / no data,Acholi,completed senior four,1-no ,no,yes,widow/widowed,yes,0,Acholi,2,1,20,28,226,226,403,3TC-AZT-(NVP/EFV/LPVr/ATVr),2
893,34.0,F ,no,no,no,no,no,no ,Acholi,completed primary school,1-no ,no,yes,widow/widowed,no,134,3TC-TDF-(NVP/EFV/AZT/LPVr/ATVr),2,1,15,38,,44,548,FTC-TDF-(NVP/EFV/LPVr),3TC-TDF-(NVP/EFV/AZT/LPVr/ATVr)
894,56.0,F ,no,no,no,yes ,no,don't know / no data,Acholi,no formal education,3-don't know / no data,no,yes,married/cohabiting,no,0,Acholi,1,1,26,25,1276,201,582,3TC-TDF-(NVP/EFV/AZT/LPVr/ATVr),1
895,33.8,F ,no,no,no,yes ,no,no ,Acholi,completed primary school,3-don't know / no data,no,yes,divorced/separated,yes,106,3TC-TDF-(NVP/EFV/AZT/LPVr/ATVr),3,1,30,30,168,168,618,FTC-TDF-(NVP/EFV/LPVr),3TC-TDF-(NVP/EFV/AZT/LPVr/ATVr)
896,43.0,F ,no,no,no,yes ,no,no ,Acholi,no formal education,1-no ,no,yes,divorced/separated,yes,118,3TC-TDF-(NVP/EFV/AZT/LPVr/ATVr),3,1,22,23,142,142,899,FTC-TDF-(NVP/EFV/LPVr),3TC-TDF-(NVP/EFV/AZT/LPVr/ATVr)
897,43.0,F ,no,yes,no,no,no,don't know / no data,Acholi,no formal education,3-don't know / no data,no,yes,married/cohabiting,no,132,3TC-TDF-(NVP/EFV/AZT/LPVr/ATVr),4,1,14,17,15,15,313,FTC-TDF-(NVP/EFV/LPVr),3TC-TDF-(NVP/EFV/AZT/LPVr/ATVr)
898,70.0,F ,no,no,no,no,no,don't know / no data,Acholi,no formal education,3-don't know / no data,no,yes,widow/widowed,yes,89,3TC-TDF-(NVP/EFV/AZT/LPVr/ATVr),3,2,24,32,360,328,,FTC-TDF-(NVP/EFV/LPVr),3TC-TDF-(NVP/EFV/AZT/LPVr/ATVr)
899,54.1,F ,no,no,no,yes ,no,don't know / no data,Acholi,no formal education,3-don't know / no data,no,yes,divorced/separated,yes,29,Acholi,2,1,22,30,674,240,685,3TC-TDF-(NVP/EFV/AZT/LPVr/ATVr),2
900,41.0,F ,no,no,no,yes ,no,don't know / no data,Acholi,completed primary school,3-don't know / no data,no,yes,married/cohabiting,no,45,Acholi,1,1,25,23,,318,819,3TC-TDF-(NVP/EFV/AZT/LPVr/ATVr),1
901,56.9,F ,no,no,no,yes ,no,no ,Lango,no formal education,1-no ,no,yes,divorced/separated,yes,67,Lango,4,1,17,23,,50,,3TC-TDF-(NVP/EFV/AZT/LPVr/ATVr),4
902,51.7,F ,no,no,no,no,no,no ,Acholi,no formal education,1-no ,no,yes,married/cohabiting,yes,48,Acholi,2,1,14,19,377,152,370,3TC-AZT-(NVP/EFV/LPVr/ATVr),2
903,51.6,F ,no,no,no,yes ,no,don't know / no data,Acholi,no formal education,3-don't know / no data,no,yes,widow/widowed,no,90,Acholi,2,1,15,18,302,302,1186,3TC-TDF-(NVP/EFV/AZT/LPVr/ATVr),2
904,44.0,F ,no,yes,no,yes ,no,don't know / no data,Acholi,no formal education,3-don't know / no data,no,yes,widow/widowed,no,4,Acholi,2,1,19,27,407,407,407,3TC-TDF-(NVP/EFV/AZT/LPVr/ATVr),2
905,29.0,F ,no,no,no,no,no,no ,Lango,no formal education,1-no ,no,yes,married/cohabiting,no,6,Lango,2,2,,,150,150,,3TC-TDF-(NVP/EFV/AZT/LPVr/ATVr),2
906,42.0,F ,no,no,no,yes ,no,no ,Acholi,no formal education,3-don't know / no data,no,yes,widow/widowed,no,121,3TC-TDF-(NVP/EFV/AZT/LPVr/ATVr),3,1,24,27,452,495,592,FTC-TDF-(NVP/EFV/LPVr),3TC-TDF-(NVP/EFV/AZT/LPVr/ATVr)
907,33.1,F ,no,no,no,yes ,no,no ,Acholi,no formal education,3-don't know / no data,no,yes,married/cohabiting,no,46,Acholi,1,no data,19,23,,,,3TC-TDF-(NVP/EFV/AZT/LPVr/ATVr),1
908,37.0,F ,no,no,no,no,no,no ,Acholi,no formal education,2-yes ,no,yes,married/cohabiting,no,91,3TC-TDF-(NVP/EFV/AZT/LPVr/ATVr),3,1,14,23,251,293,359,FTC-TDF-(NVP/EFV/LPVr),3TC-TDF-(NVP/EFV/AZT/LPVr/ATVr)
909,57.0,F ,no,no,no,yes ,no,no ,Acholi,completed primary school,3-don't know / no data,no,yes,widow/widowed,yes,119,3TC-TDF-(NVP/EFV/AZT/LPVr/ATVr),3,1,,,,,536,FTC-TDF-(NVP/EFV/LPVr),3TC-TDF-(NVP/EFV/AZT/LPVr/ATVr)
910,26.9,F ,no,no,yes,yes ,no,no ,Acholi,no formal education,1-no ,no,yes,No data,no,29,Acholi,no data,2,21,28,,,1360,3TC-TDF-(NVP/EFV/AZT/LPVr/ATVr),no data
911,33.5,F ,no,no,no,no,no,no ,Acholi,completed senior four,1-no ,no,yes,married/cohabiting,no,25,Acholi,2,1,22,25,530,325,912,3TC-TDF-(NVP/EFV/AZT/LPVr/ATVr),2
912,53.0,F ,no,no,no,no,no,no ,Acholi,no formal education,3-don't know / no data,no,yes,widow/widowed,no,120,3TC-TDF-(NVP/EFV/AZT/LPVr/ATVr),3,1,,,,,154,FTC-TDF-(NVP/EFV/LPVr),3TC-TDF-(NVP/EFV/AZT/LPVr/ATVr)
914,33.5,F ,no,no,no,yes ,no,don't know / no data,Acholi,no formal education,1-no ,no,yes,married/cohabiting,no,122,3TC-AZT-(NVP/EFV/LPVr/ATVr),3,1,16,35,,,,FTC-TDF-(NVP/EFV/LPVr),3TC-AZT-(NVP/EFV/LPVr/ATVr)
915,50.6,F ,no,no,no,yes ,no,don't know / no data,Acholi,completed primary school,1-no ,no,yes,widow/widowed,no,68,Acholi,2,1,27,38,260,130,620,3TC-TDF-(NVP/EFV/AZT/LPVr/ATVr),2
916,37.7,F ,no,no,no,yes ,no,no ,Acholi,no formal education,3-don't know / no data,no,yes,widow/widowed,yes,27,Acholi,2,1,24,34,689,330,722,3TC-TDF-(NVP/EFV/AZT/LPVr/ATVr),2
917,46.8,m,no,no,no,yes ,no,no ,Acholi,completed primary school,1-no ,no,yes,married/cohabiting,yes,71,3TC-TDF-(NVP/EFV/AZT/LPVr/ATVr),2,1,22,28,312,312,1081,FTC-TDF-(NVP/EFV/LPVr),3TC-TDF-(NVP/EFV/AZT/LPVr/ATVr)
918,53.9,m,no,no,no,yes ,no,no ,Acholi,completed primary school,1-no ,no,yes,married/cohabiting,no,61,Acholi,1,1,30,35,408,161,332,3TC-TDF-(NVP/EFV/AZT/LPVr/ATVr),1
920,36.6,m,no,no,no,yes ,no,no ,Acholi,completed senior four,1-no ,no,yes,married/cohabiting,no,34,3TC-AZT-(NVP/EFV/LPVr/ATVr),2,1,10,17,382,382,479,3TC-TDF-(NVP/EFV/AZT/LPVr/ATVr),3TC-AZT-(NVP/EFV/LPVr/ATVr)
921,45.0,F ,no,no,no,no,no,no ,Acholi,completed senior four,1-no ,no,yes,married/cohabiting,no,125,3TC-TDF-(NVP/EFV/AZT/LPVr/ATVr),3,1,24,36,,385,,FTC-TDF-(NVP/EFV/LPVr),3TC-TDF-(NVP/EFV/AZT/LPVr/ATVr)
922,34.0,F ,no,no,no,yes ,no,no ,Acholi,no formal education,3-don't know / no data,no,yes,married/cohabiting,no,23,Acholi,1,1,34,35,495,495,950,3TC-TDF-(NVP/EFV/AZT/LPVr/ATVr),1
923,40.9,m,no,no,no,no,no,don't know / no data,Acholi,completed senior four,3-don't know / no data,yes,yes,married/cohabiting,no,32,Acholi,2,1,26,30,,110,287,3TC-TDF-(NVP/EFV/AZT/LPVr/ATVr),2
924,33.0,F ,no,no,no,no,no,no ,Acholi,no formal education,1-no ,no,yes,married/cohabiting,no,43,Acholi,1,1,20,26,541,541,716,3TC-TDF-(NVP/EFV/AZT/LPVr/ATVr),1
925,23.0,F ,no,no,no,no,no,no ,Lango,completed primary school,1-no ,no,yes,married/cohabiting,no,38,Lango,1,1,28,36,261,261,336,3TC-TDF-(NVP/EFV/AZT/LPVr/ATVr),1
926,44.0,F ,no,no,no,no,no,don't know / no data,Acholi,no formal education,1-no ,no,yes,divorced/separated,yes,85,3TC-TDF-(NVP/EFV/AZT/LPVr/ATVr),2,1,31,45,,398,222,FTC-TDF-(NVP/EFV/LPVr),3TC-TDF-(NVP/EFV/AZT/LPVr/ATVr)
927,35.0,F ,no,yes,no,no,no,don't know / no data,Acholi,no formal education,1-no ,no,yes,married/cohabiting,yes,107,3TC-TDF-(NVP/EFV/AZT/LPVr/ATVr),3,1,20,30,240,240,,3TC-TDF-(NVP/EFV/AZT/LPVr/ATVr),3TC-TDF-(NVP/EFV/AZT/LPVr/ATVr)
929,37.0,F ,no,no,no,no,no,no ,Acholi,completed primary school,1-no ,no,yes,married/cohabiting,no,114,3TC-TDF-(NVP/EFV/AZT/LPVr/ATVr),no data,1,43,36,,261,702,FTC-TDF-(NVP/EFV/LPVr),3TC-TDF-(NVP/EFV/AZT/LPVr/ATVr)
930,29.0,F ,no,no,no,yes ,no,don't know / no data,Acholi,no formal education,3-don't know / no data,no,yes,No data,yes,75,3TC-TDF-(NVP/EFV/AZT/LPVr/ATVr),1,1,36,33,,175,246,FTC-TDF-(NVP/EFV/LPVr),3TC-TDF-(NVP/EFV/AZT/LPVr/ATVr)
931,38.0,F ,no,no,no,no,no,no ,Acholi,completed primary school,1-no ,no,yes,married/cohabiting,no,36,Acholi,1,2,16,28,,345,861,3TC-TDF-(NVP/EFV/AZT/LPVr/ATVr),1
932,40.2,F ,no,no,no,no,no,don't know / no data,Acholi,no formal education,3-don't know / no data,no,yes,married/cohabiting,no,78,Other,1,1,27,26,462,99,317,3TC-TDF-(NVP/EFV/AZT/LPVr/ATVr),Other
933,29.0,F ,no,no,no,yes ,no,don't know / no data,Acholi,no formal education,3-don't know / no data,no,yes,married/cohabiting,no,16,Acholi,1,1,30,31,385,385,671,3TC-TDF-(NVP/EFV/AZT/LPVr/ATVr),1
934,50.8,F ,no,no,no,yes ,no,no ,Acholi,no formal education,1-no ,no,yes,widow/widowed,no,76,Acholi,2,1,25,33,154,154,1460,3TC-TDF-(NVP/EFV/AZT/LPVr/ATVr),2
935,44.1,m,no,no,no,no,no,don't know / no data,Acholi,completed senior four,3-don't know / no data,no,yes,married/cohabiting,no,56,3TC-TDF-(NVP/EFV/AZT/LPVr/ATVr),1,1,26,29,617,277,,3TC-TDF-(NVP/EFV/AZT/LPVr/ATVr),3TC-TDF-(NVP/EFV/AZT/LPVr/ATVr)
936,45.3,m,no,no,no,yes ,no,no ,Acholi,no formal education,1-no ,no,yes,married/cohabiting,no,28,Acholi,1,1,18,21,663,424,671,3TC-TDF-(NVP/EFV/AZT/LPVr/ATVr),1
937,12.6,F ,no,no,no,no,no,don't know / no data,Acholi,no formal education,3-don't know / no data,no,yes,single,no,129,Acholi,3,2,25,32,328,328,377,3TC-AZT-(NVP/EFV/LPVr/ATVr),3
938,47.8,F ,no,no,no,no,no,no ,Acholi,completed primary school,1-no ,no,yes,widow/widowed,yes,25,Acholi,1,1,22,35,506,422,394,3TC-TDF-(NVP/EFV/AZT/LPVr/ATVr),1
939,56.7,m,no,no,no,no,no,no ,Acholi,completed senior four,1-no ,no,yes,widow/widowed,no,118,3TC-AZT-(NVP/EFV/LPVr/ATVr),3,1,26,52,160,160,342,3TC-D4T-(NVP/EFV/LPVr),3TC-AZT-(NVP/EFV/LPVr/ATVr)
940,45.0,F ,no,no,no,yes ,no,no ,Acholi,no formal education,1-no ,no,yes,widow/widowed,no,47,Acholi,2,1,20,34,,140,363,3TC-TDF-(NVP/EFV/AZT/LPVr/ATVr),2
941,37.0,m,no,no,yes,yes ,no,no ,Acholi,completed primary school,1-no ,yes,yes,married/cohabiting,yes,51,Other,1,4,18,27,,21,262,3TC-TDF-(NVP/EFV/AZT/LPVr/ATVr),Other
942,72.5,m,no,yes,no,no,no,don't know / no data,Acholi,completed primary school,3-don't know / no data,no,yes,married/cohabiting,no,36,3TC-TDF-(NVP/EFV/AZT/LPVr/ATVr),3,2,12,27,139,139,250,3TC-TDF-(NVP/EFV/AZT/LPVr/ATVr),3TC-TDF-(NVP/EFV/AZT/LPVr/ATVr)
943,45.1,F ,no,no,no,yes ,no,no ,Acholi,completed primary school,1-no ,no,yes,married/cohabiting,yes,84,3TC-TDF-(NVP/EFV/AZT/LPVr/ATVr),2,1,21,37,442,202,449,FTC-TDF-(NVP/EFV/LPVr),3TC-TDF-(NVP/EFV/AZT/LPVr/ATVr)
944,40.0,m,no,no,no,yes ,no,don't know / no data,Acholi,no formal education,3-don't know / no data,no,yes,married/cohabiting,no,133,Acholi,1,1,47,90,,522,717,3TC-TDF-(NVP/EFV/AZT/LPVr/ATVr),1
945,40.0,F ,no,no,no,no,no,don't know / no data,Acholi,no formal education,3-don't know / no data,no,yes,married/cohabiting,yes,23,Acholi,2,1,38,41,480,381,634,3TC-TDF-(NVP/EFV/AZT/LPVr/ATVr),2
946,28.4,F ,no,no,no,yes ,no,don't know / no data,Acholi,no formal education,3-don't know / no data,no,yes,divorced/separated,no,54,Acholi,1,1,15,23,592,592,524,3TC-TDF-(NVP/EFV/AZT/LPVr/ATVr),1
947,30.6,F ,no,no,no,no,no,don't know / no data,Acholi,completed senior four,3-don't know / no data,no,yes,married/cohabiting,no,11,Acholi,2,1,21,35,496,496,468,3TC-TDF-(NVP/EFV/AZT/LPVr/ATVr),2
949,33.0,F ,no,no,no,yes ,no,don't know / no data,Lango,no formal education,3-don't know / no data,no,yes,widow/widowed,yes,42,Lango,1,2,21,38,,25,412,3TC-TDF-(NVP/EFV/AZT/LPVr/ATVr),1
950,40.3,F ,no,no,no,yes ,no,don't know / no data,Acholi,no formal education,3-don't know / no data,no,yes,married/cohabiting,no,56,Acholi,2,1,24,30,153,153,1204,3TC-TDF-(NVP/EFV/AZT/LPVr/ATVr),2
951,52.0,F ,no,no,no,yes ,no,don't know / no data,Acholi,no formal education,3-don't know / no data,no,yes,widow/widowed,yes,110,3TC-TDF-(NVP/EFV/AZT/LPVr/ATVr),2,1,16,24,286,245,637,FTC-TDF-(NVP/EFV/LPVr),3TC-TDF-(NVP/EFV/AZT/LPVr/ATVr)
952,24.1,F ,no,no,no,yes ,no,don't know / no data,Acholi,completed senior four,3-don't know / no data,no,yes,divorced/separated,no,35,Acholi,1,1,13,30,628,628,712,3TC-TDF-(NVP/EFV/AZT/LPVr/ATVr),1
953,28.7,F ,no,no,no,no,no,don't know / no data,Acholi,no formal education,3-don't know / no data,no,yes,divorced/separated,no,25,Acholi,2,1,13,34,867,400,1172,3TC-TDF-(NVP/EFV/AZT/LPVr/ATVr),2
954,31.5,F ,no,no,no,no,no,don't know / no data,Acholi,no formal education,3-don't know / no data,no,yes,married/cohabiting,no,84,3TC-TDF-(NVP/EFV/AZT/LPVr/ATVr),1,1,23,34,220,220,759,FTC-TDF-(NVP/EFV/LPVr),3TC-TDF-(NVP/EFV/AZT/LPVr/ATVr)
955,33.0,F ,no,no,yes,yes ,no,no ,Acholi,no formal education,1-no ,no,yes,divorced/separated,yes,52,Acholi,1,1,26,39,567,531,485,3TC-TDF-(NVP/EFV/AZT/LPVr/ATVr),1
957,52.1,m,no,no,no,no,no,no ,Acholi,no formal education,1-no ,no,yes,married/cohabiting,no,120,3TC-TDF-(NVP/EFV/AZT/LPVr/ATVr),no data,1,29,36,,,500,FTC-TDF-(NVP/EFV/LPVr),3TC-TDF-(NVP/EFV/AZT/LPVr/ATVr)
958,41.0,m,no,no,no,yes ,no,don't know / no data,Acholi,completed primary school,3-don't know / no data,no,yes,married/cohabiting,yes,71,Acholi,2,1,24,33,379,187,,3TC-TDF-(NVP/EFV/AZT/LPVr/ATVr),2
960,38.2,m,no,no,no,no,no,no ,Other / no data,completed primary school,3-don't know / no data,no,yes,married/cohabiting,no,14,Other / no data,1,1,22,29,353,353,790,3TC-TDF-(NVP/EFV/AZT/LPVr/ATVr),1
961,49.9,F ,no,no,no,no,no,don't know / no data,Acholi,no formal education,3-don't know / no data,no,yes,divorced/separated,no,54,Acholi,2,1,33,152,293,279,,3TC-TDF-(NVP/EFV/AZT/LPVr/ATVr),2
962,34.5,F ,no,no,no,no,no,no ,Acholi,no formal education,1-no ,no,yes,widow/widowed,yes,72,Acholi,2,1,34,38,289,289,580,3TC-AZT-(NVP/EFV/LPVr/ATVr),2
963,44.4,F ,no,no,no,no,no,don't know / no data,Acholi,no formal education,3-don't know / no data,no,yes,widow/widowed,no,85,3TC-TDF-(NVP/EFV/AZT/LPVr/ATVr),1,1,23,31,197,197,,FTC-TDF-(NVP/EFV/LPVr),3TC-TDF-(NVP/EFV/AZT/LPVr/ATVr)
964,23.6,F ,no,no,no,no,no,no ,Acholi,completed primary school,1-no ,no,yes,divorced/separated,no,43,Acholi,1,2,19,40,,,,3TC-TDF-(NVP/EFV/AZT/LPVr/ATVr),1
965,36.6,F ,no,no,no,yes ,no,no ,Acholi,no formal education,1-no ,no,yes,widow/widowed,yes,55,Acholi,2,1,28,30,577,327,,3TC-TDF-(NVP/EFV/AZT/LPVr/ATVr),2
966,45.0,F ,no,no,no,yes ,no,no ,Acholi,no formal education,3-don't know / no data,no,yes,widow/widowed,no,56,3TC-TDF-(NVP/EFV/AZT/LPVr/ATVr),3,3,15,40,,336,,FTC-TDF-(NVP/EFV/LPVr),3TC-TDF-(NVP/EFV/AZT/LPVr/ATVr)
967,56.8,F ,no,no,no,no,no,don't know / no data,Acholi,completed primary school,3-don't know / no data,no,yes,married/cohabiting,yes,123,3TC-TDF-(NVP/EFV/AZT/LPVr/ATVr),no data,1,16,41,202,202,311,FTC-TDF-(NVP/EFV/LPVr),3TC-TDF-(NVP/EFV/AZT/LPVr/ATVr)
969,15.9,F ,no,no,no,yes ,no,don't know / no data,Acholi,No data,3-don't know / no data,no,yes,single,no,120,Acholi,no data,1,,,3872,3872,990,3TC-AZT-(NVP/EFV/LPVr/ATVr),no data
970,46.2,F ,no,no,no,yes ,no,don't know / no data,Acholi,no formal education,3-don't know / no data,no,yes,widow/widowed,no,104,3TC-TDF-(NVP/EFV/AZT/LPVr/ATVr),2,1,,,603,603,951,FTC-TDF-(NVP/EFV/LPVr),3TC-TDF-(NVP/EFV/AZT/LPVr/ATVr)
971,63.0,F ,no,no,no,yes ,no,don't know / no data,Acholi,No data,3-don't know / no data,no,yes,widow/widowed,yes,79,Acholi,2,2,,,403,275,690,3TC-TDF-(NVP/EFV/AZT/LPVr/ATVr),2
972,35.4,F ,no,no,no,yes ,no,no ,Other / no data,no formal education,1-no ,no,yes,married/cohabiting,no,75,Other / no data,2,1,14,27,289,289,624,3TC-TDF-(NVP/EFV/AZT/LPVr/ATVr),2
973,47.6,F ,no,no,no,no,no,no ,Acholi,no formal education,3-don't know / no data,no,yes,widow/widowed,no,26,Acholi,2,1,21,33,795,492,360,3TC-TDF-(NVP/EFV/AZT/LPVr/ATVr),2
974,66.3,F ,no,no,no,no,no,don't know / no data,Acholi,no formal education,3-don't know / no data,no,yes,widow/widowed,no,120,3TC-TDF-(NVP/EFV/AZT/LPVr/ATVr),3,1,24,37,,146,408,FTC-TDF-(NVP/EFV/LPVr),3TC-TDF-(NVP/EFV/AZT/LPVr/ATVr)
975,36.5,F ,no,no,no,yes ,no,don't know / no data,Acholi,no formal education,3-don't know / no data,no,yes,widow/widowed,no,118,3TC-TDF-(NVP/EFV/AZT/LPVr/ATVr),3,1,14,23,259,259,692,FTC-TDF-(NVP/EFV/LPVr),3TC-TDF-(NVP/EFV/AZT/LPVr/ATVr)
976,31.4,F ,no,no,no,no,no,no ,Acholi,completed primary school,1-no ,no,yes,widow/widowed,no,124,3TC-AZT-(NVP/EFV/LPVr/ATVr),no data,1,19,37,90,90,264,3TC-D4T-(NVP/EFV/LPVr),3TC-AZT-(NVP/EFV/LPVr/ATVr)
977,37.0,F ,no,yes,no,yes ,no,no ,Acholi,completed senior four,3-don't know / no data,no,yes,divorced/separated,no,36,Acholi,2,1,42,42,418,273,65,3TC-TDF-(NVP/EFV/AZT/LPVr/ATVr),2
978,35.4,F ,no,no,no,no,no,don't know / no data,Acholi,no formal education,3-don't know / no data,no,yes,divorced/separated,no,85,3TC-TDF-(NVP/EFV/AZT/LPVr/ATVr),3,1,11,35,354,86,683,FTC-TDF-(NVP/EFV/LPVr),3TC-TDF-(NVP/EFV/AZT/LPVr/ATVr)
979,52.2,F ,no,no,no,no,no,no ,Acholi,completed primary school,1-no ,no,yes,married/cohabiting,no,67,Acholi,2,1,22,29,318,198,552,3TC-TDF-(NVP/EFV/AZT/LPVr/ATVr),2
980,35.1,m,no,no,no,yes ,no,no ,Acholi,no formal education,1-no ,no,yes,married/cohabiting,yes,74,3TC-AZT-(NVP/EFV/LPVr/ATVr),no data,1,43,72,,205,269,3TC-TDF-(NVP/EFV/AZT/LPVr/ATVr),3TC-AZT-(NVP/EFV/LPVr/ATVr)
981,37.0,F ,no,no,no,no,no,no ,Acholi,no formal education,2-yes ,no,yes,married/cohabiting,no,74,Acholi,1,1,37,40,388,252,501,3TC-TDF-(NVP/EFV/AZT/LPVr/ATVr),1
982,41.5,m,no,no,no,no,no,no ,Acholi,completed primary school,1-no ,no,yes,married/cohabiting,yes,21,Acholi,1,2,34,46,477,307,,3TC-TDF-(NVP/EFV/AZT/LPVr/ATVr),1
983,50.0,F ,no,no,no,no,no,no ,Acholi,completed primary school,1-no ,no,yes,widow/widowed,yes,35,Acholi,1,1,32,34,721,332,463,3TC-TDF-(NVP/EFV/AZT/LPVr/ATVr),1
984,45.5,F ,no,no,no,no,no,don't know / no data,Acholi,no formal education,1-no ,no,yes,divorced/separated,no,71,Acholi,1,1,18,26,253,148,682,3TC-TDF-(NVP/EFV/AZT/LPVr/ATVr),1
985,40.2,F ,no,no,no,yes ,no,no ,Acholi,completed primary school,1-no ,no,yes,divorced/separated,yes,70,3TC-TDF-(NVP/EFV/AZT/LPVr/ATVr),2,1,42,50,407,393,161,FTC-TDF-(NVP/EFV/LPVr),3TC-TDF-(NVP/EFV/AZT/LPVr/ATVr)
986,51.7,m,no,no,no,no,no,don't know / no data,Acholi,completed senior four,3-don't know / no data,no,yes,married/cohabiting,no,28,3TC-AZT-(NVP/EFV/LPVr/ATVr),1,1,22,36,683,483,865,3TC-TDF-(NVP/EFV/AZT/LPVr/ATVr),3TC-AZT-(NVP/EFV/LPVr/ATVr)
987,41.0,F ,no,no,no,no,no,no ,Acholi,no formal education,1-no ,no,yes,married/cohabiting,no,120,3TC-TDF-(NVP/EFV/AZT/LPVr/ATVr),3,1,,26,,,460,FTC-TDF-(NVP/EFV/LPVr),3TC-TDF-(NVP/EFV/AZT/LPVr/ATVr)
988,41.6,F ,no,no,no,yes ,no,no ,Acholi,no formal education,1-no ,no,yes,divorced/separated,no,79,3TC-TDF-(NVP/EFV/AZT/LPVr/ATVr),2,1,43,49,503,326,398,FTC-TDF-(NVP/EFV/LPVr),3TC-TDF-(NVP/EFV/AZT/LPVr/ATVr)
989,44.4,m,no,no,no,yes ,no,don't know / no data,Acholi,completed primary school,3-don't know / no data,no,yes,married/cohabiting,yes,52,3TC-TDF-(NVP/EFV/AZT/LPVr/ATVr),1,2,26,46,272,144,176,3TC-TDF-(NVP/EFV/AZT/LPVr/ATVr),3TC-TDF-(NVP/EFV/AZT/LPVr/ATVr)
990,45.0,F ,no,no,no,yes ,no,don't know / no data,Acholi,no formal education,3-don't know / no data,no,yes,widow/widowed,no,9,Acholi,1,2,50,50,152,152,225,3TC-TDF-(NVP/EFV/AZT/LPVr/ATVr),1
991,58.6,F ,no,no,no,yes ,no,don't know / no data,Acholi,completed primary school,3-don't know / no data,no,yes,widow/widowed,yes,70,Acholi,2,1,37,52,,320,280,3TC-TDF-(NVP/EFV/AZT/LPVr/ATVr),2
992,73.0,m,no,yes,no,yes ,no,don't know / no data,Acholi,no formal education,3-don't know / no data,no,yes,married/cohabiting,no,108,3TC-TDF-(NVP/EFV/AZT/LPVr/ATVr),2,2,21,33,281,281,277,3TC-TDF-(NVP/EFV/AZT/LPVr/ATVr),3TC-TDF-(NVP/EFV/AZT/LPVr/ATVr)
993,76.0,F ,no,no,no,no,no,don't know / no data,Acholi,no formal education,3-don't know / no data,no,yes,widow/widowed,yes,121,3TC-TDF-(NVP/EFV/AZT/LPVr/ATVr),3,1,20,35,463,275,447,FTC-TDF-(NVP/EFV/LPVr),3TC-TDF-(NVP/EFV/AZT/LPVr/ATVr)
994,50.0,F ,no,no,no,yes ,no,don't know / no data,Acholi,no formal education,3-don't know / no data,no,yes,widow/widowed,yes,81,3TC-TDF-(NVP/EFV/AZT/LPVr/ATVr),2,1,52,79,368,240,687,FTC-TDF-(NVP/EFV/LPVr),3TC-TDF-(NVP/EFV/AZT/LPVr/ATVr)
995,31.3,F ,no,no,no,no,no,don't know / no data,Lango,qualification afther senior six,3-don't know / no data,no,yes,married/cohabiting,yes,48,Lango,3,1,32,33,31,31,595,3TC-TDF-(NVP/EFV/AZT/LPVr/ATVr),3
996,41.7,F ,no,no,no,no,no,don't know / no data,Acholi,no formal education,3-don't know / no data,no,yes,widow/widowed,yes,45,Acholi,2,1,25,36,,328,600,3TC-AZT-(NVP/EFV/LPVr/ATVr),2
997,25.9,F ,no,no,no,yes ,no,no ,Acholi,completed primary school,1-no ,no,yes,single,no,65,Acholi,1,1,25,28,300,251,479,3TC-TDF-(NVP/EFV/AZT/LPVr/ATVr),1
998,44.0,F ,no,no,no,yes ,no,don't know / no data,Acholi,no formal education,3-don't know / no data,no,yes,married/cohabiting,no,50,Acholi,2,1,29,35,376,376,738,3TC-TDF-(NVP/EFV/AZT/LPVr/ATVr),2
999,47.5,F ,no,no,no,yes ,no,don't know / no data,Acholi,no formal education,3-don't know / no data,no,yes,widow/widowed,no,140,3TC-TDF-(NVP/EFV/AZT/LPVr/ATVr),3,2,29,73,3,3,297,FTC-TDF-(NVP/EFV/LPVr),3TC-TDF-(NVP/EFV/AZT/LPVr/ATVr)
1000,13.1,F ,no,yes,no,no,no,don't know / no data,Acholi,no formal education,3-don't know / no data,no,yes,single,no,80,Acholi,2,2,23,44,373,373,396,3TC-AZT-(NVP/EFV/LPVr/ATVr),2
